<annotation>
	<folder>TRAIN_1024</folder>
	<filename>20_disp.jpeg</filename>
	<path>C:\Users\JoeyRagheb\Desktop\DIFFNet-main\results\_1024x320\TRAIN_1024\20_disp.jpeg</path>
	<source>
		<database>Unknown</database>
	</source>
	<size>
		<width>1200</width>
		<height>900</height>
		<depth>3</depth>
	</size>
	<segmented>0</segmented>
	<object>
		<name>Real_Tunnel</name>
		<pose>Unspecified</pose>
		<truncated>0</truncated>
		<difficult>0</difficult>
		<bndbox>
			<xmin>250</xmin>
			<ymin>282</ymin>
			<xmax>1050</xmax>
			<ymax>812</ymax>
		</bndbox>
	</object>
</annotation>
