<annotation>
	<folder>TRAIN_1024</folder>
	<filename>5_disp.jpeg</filename>
	<path>C:\Users\JoeyRagheb\Desktop\DIFFNet-main\results\_1024x320\TRAIN_1024\5_disp.jpeg</path>
	<source>
		<database>Unknown</database>
	</source>
	<size>
		<width>1200</width>
		<height>650</height>
		<depth>3</depth>
	</size>
	<segmented>0</segmented>
	<object>
		<name>painting</name>
		<pose>Unspecified</pose>
		<truncated>0</truncated>
		<difficult>0</difficult>
		<bndbox>
			<xmin>239</xmin>
			<ymin>329</ymin>
			<xmax>618</xmax>
			<ymax>578</ymax>
		</bndbox>
	</object>
</annotation>
