Epochs,1det_loss,1cls_loss,1box_loss,1reg_l2_loss,1loss,1learning_rate,1gradient_norm,1val_det_loss,1val_cls_loss,1val_box_loss,1val_reg_l2_loss,1val_loss,2det_loss,2cls_loss,2box_loss,2reg_l2_loss,2loss,2learning_rate,2gradient_norm,2val_det_loss,2val_cls_loss,2val_box_loss,2val_reg_l2_loss,2val_loss,3det_loss,3cls_loss,3box_loss,3reg_l2_loss,3loss,3learning_rate,3gradient_norm,3val_det_loss,3val_cls_loss,3val_box_loss,3val_reg_l2_loss,3val_loss,4det_loss,4cls_loss,4box_loss,4reg_l2_loss,4loss,4learning_rate,4gradient_norm,4val_det_loss,4val_cls_loss,4val_box_loss,4val_reg_l2_loss,4val_loss,5det_loss,5cls_loss,5box_loss,5reg_l5_loss,5loss,5learning_rate,5gradient_norm,5val_det_loss,5val_cls_loss,5val_box_loss,5val_reg_l5_loss,5val_loss,6det_loss,6cls_loss,6box_loss,6reg_l2_loss,6loss,6learning_rate,6gradient_norm,6val_det_loss,6val_cls_loss,6val_box_loss,6val_reg_l2_loss,6val_loss,7det_loss,7cls_loss,7box_loss,7reg_l2_loss,7loss,7learning_rate,7gradient_norm,7val_det_loss,7val_cls_loss,7val_box_loss,7val_reg_l2_loss,7val_loss,8det_loss,8cls_loss,8box_loss,8reg_l2_loss,8loss,8learning_rate,8gradient_norm,8val_det_loss,8val_cls_loss,8val_box_loss,8val_reg_l2_loss,8val_loss,5-Old-Data,5-Old-Data,5-Old-Data,5-Old-Data,5-Old-Data,5-Old-Data,5-Old-Data,5-Old-Data,5-Old-Data,5-Old-Data,5-Old-Data,5-Old-Data
1,1.7606,1.1614,0.012,0.1078,1.8684,0.0066,1.5575,1.6694,1.1552,0.0103,0.1078,1.7772,1.7568,1.1546,0.012,0.1078,1.8645,0.0066,2.003,1.6815,1.1563,0.0105,0.1078,1.7892,1.7601,1.1668,0.0119,0.1078,1.8679,0.0066,1.8797,1.6674,1.1635,0.0101,0.1078,1.7752,1.782,1.1584,0.0125,0.1078,1.8898,0.0066,1.3191,1.6715,1.1627,0.0102,0.1078,1.7793,1.7529,1.1558,0.0119,0.1078,1.8607,0.0066,1.4559,1.6758,1.1582,0.0104,0.1078,1.7836,1.7897,1.1621,0.0126,0.1078,1.8975,0.0066,1.3635,1.6908,1.1606,0.0106,0.1078,1.7985,1.7465,1.164,0.0116,0.1078,1.8542,0.0066,1.2817,1.69,1.1646,0.0105,0.1078,1.7978,1.7529,1.1558,0.0119,0.1078,1.8607,0.0066,1.4559,1.6758,1.1582,0.0104,0.1078,1.7836,1.7811,1.166,0.0123,0.1078,1.8889,0.0066,2.0201,1.7006,1.1601,0.0108,0.1078,1.8084
2,1.7035,1.1524,0.011,0.1078,1.8113,0.005,1.5982,1.5762,1.145,0.0086,0.1078,1.684,1.7142,1.1499,0.0113,0.1078,1.822,0.005,2.1338,1.6083,1.1461,0.0092,0.1078,1.7161,1.7153,1.1589,0.0111,0.1078,1.8231,0.005,2.3458,1.5856,1.1531,0.0087,0.1078,1.6934,1.731,1.1568,0.0115,0.1078,1.8388,0.005,1.7852,1.6014,1.1536,0.009,0.1078,1.7092,1.7044,1.1482,0.0111,0.1078,1.8122,0.005,1.4725,1.5925,1.1494,0.0089,0.1078,1.7003,1.7112,1.1518,0.0112,0.1078,1.819,0.005,1.4866,1.6314,1.1506,0.0096,0.1078,1.7391,1.7165,1.1539,0.0113,0.1078,1.8242,0.005,1.4503,1.6196,1.1568,0.0093,0.1078,1.7273,1.7044,1.1482,0.0111,0.1078,1.8122,0.005,1.4725,1.5925,1.1494,0.0089,0.1078,1.7003,1.7139,1.1533,0.0112,0.1078,1.8217,0.005,1.4642,1.6349,1.1491,0.0097,0.1078,1.7426
3,1.6995,1.1465,0.0111,0.1078,1.8073,0.005,1.8278,1.5228,1.1347,0.0078,0.1078,1.6306,1.679,1.1428,0.0107,0.1078,1.7868,0.005,3.5863,1.5494,1.1347,0.0083,0.1078,1.6572,1.6745,1.1538,0.0104,0.1078,1.7822,0.005,2.898,1.5235,1.1445,0.0076,0.1078,1.6313,1.6265,1.1405,0.0097,0.1078,1.7342,0.005,1.6145,1.5435,1.1427,0.008,0.1078,1.6513,1.6401,1.1382,0.01,0.1078,1.7479,0.005,1.6215,1.5115,1.1362,0.0075,0.1078,1.6193,1.7258,1.1469,0.0116,0.1078,1.8336,0.005,1.3288,1.5751,1.1378,0.0087,0.1078,1.6829,1.6605,1.1442,0.0103,0.1078,1.7683,0.005,1.5788,1.5526,1.1461,0.0081,0.1078,1.6604,1.6401,1.1382,0.01,0.1078,1.7479,0.005,1.6215,1.5115,1.1362,0.0075,0.1078,1.6193,1.6569,1.1338,0.0105,0.1078,1.7647,0.005,1.9223,1.5726,1.1365,0.0087,0.1078,1.6804
4,1.587,1.1257,0.0092,0.1078,1.6948,0.005,1.9415,1.4934,1.1196,0.0075,0.1078,1.6012,1.6748,1.1352,0.0108,0.1078,1.7825,0.005,2.8158,1.4985,1.1239,0.0075,0.1078,1.6063,1.6057,1.1369,0.0094,0.1078,1.7135,0.005,2.5815,1.4786,1.1312,0.0069,0.1078,1.5864,1.6255,1.1277,0.01,0.1078,1.7333,0.005,1.5518,1.5008,1.1302,0.0074,0.1078,1.6085,1.5769,1.1247,0.009,0.1078,1.6846,0.005,2.7916,1.4571,1.1175,0.0068,0.1078,1.5648,1.6728,1.1377,0.0107,0.1078,1.7805,0.005,1.6704,1.5355,1.1228,0.0083,0.1078,1.6433,1.6137,1.1363,0.0095,0.1078,1.7215,0.005,2.1978,1.4867,1.1321,0.0071,0.1078,1.5945,1.5769,1.1247,0.009,0.1078,1.6846,0.005,2.7916,1.4571,1.1175,0.0068,0.1078,1.5648,1.6017,1.1206,0.0096,0.1078,1.7094,0.005,2.0055,1.5031,1.1169,0.0077,0.1078,1.6108
5,1.5415,1.1109,0.0086,0.1078,1.6493,0.005,1.9566,1.438,1.0949,0.0069,0.1078,1.5458,1.5948,1.1167,0.0096,0.1078,1.7025,0.005,2.5134,1.4604,1.1044,0.0071,0.1078,1.5682,1.575,1.1201,0.0091,0.1078,1.6828,0.005,2.9899,1.4407,1.1135,0.0065,0.1078,1.5485,1.5702,1.1166,0.0091,0.1078,1.678,0.005,1.7707,1.4716,1.1145,0.0071,0.1078,1.5794,1.5724,1.1137,0.0092,0.1078,1.6802,0.005,2.1028,1.3982,1.0898,0.0062,0.1078,1.506,1.6225,1.1203,0.01,0.1078,1.7303,0.005,2.2569,1.4884,1.1013,0.0077,0.1078,1.5961,1.5567,1.1183,0.0088,0.1078,1.6645,0.005,2.4435,1.4298,1.1102,0.0064,0.1078,1.5376,1.5724,1.1137,0.0092,0.1078,1.6802,0.005,2.1028,1.3982,1.0898,0.0062,0.1078,1.506,1.561,1.099,0.0092,0.1078,1.6687,0.005,2.2587,1.4453,1.0884,0.0071,0.1078,1.5531
6,1.4655,1.0746,0.0078,0.1078,1.5733,0.005,2.5803,1.3509,1.0555,0.0059,0.1078,1.4587,1.5679,1.1003,0.0094,0.1078,1.6757,0.005,2.3247,1.4153,1.0763,0.0068,0.1078,1.5231,1.5417,1.1089,0.0087,0.1078,1.6495,0.005,3.6123,1.4167,1.0925,0.0065,0.1078,1.5245,1.5,1.087,0.0083,0.1078,1.6078,0.005,1.8627,1.4366,1.0925,0.0069,0.1078,1.5444,1.4434,1.0889,0.0071,0.1078,1.5512,0.005,3.1555,1.3443,1.0456,0.006,0.1078,1.4521,1.6135,1.1056,0.0102,0.1078,1.7213,0.005,2.532,1.4472,1.0758,0.0074,0.1078,1.555,1.4537,1.0855,0.0074,0.1078,1.5615,0.005,2.3621,1.3599,1.075,0.0057,0.1078,1.4676,1.4434,1.0889,0.0071,0.1078,1.5512,0.005,3.1555,1.3443,1.0456,0.006,0.1078,1.4521,1.4851,1.0539,0.0086,0.1078,1.5929,0.005,2.6134,1.3651,1.0343,0.0066,0.1078,1.4728
7,1.4214,1.0467,0.0075,0.1078,1.5292,0.0049,3.4075,1.2347,0.9722,0.0053,0.1078,1.3425,1.522,1.0813,0.0088,0.1078,1.6297,0.0049,3.6441,1.3665,1.0406,0.0065,0.1078,1.4743,1.4877,1.0792,0.0082,0.1078,1.5955,0.0049,3.7644,1.4067,1.0721,0.0067,0.1078,1.5145,1.4576,1.0581,0.008,0.1078,1.5653,0.0049,2.2153,1.3933,1.0585,0.0067,0.1078,1.501,1.4299,1.0558,0.0075,0.1078,1.5376,0.0049,4.0069,1.2986,0.9722,0.0065,0.1078,1.4064,1.5551,1.0828,0.0094,0.1078,1.6629,0.0049,2.0178,1.3898,1.0373,0.007,0.1078,1.4976,1.4343,1.0596,0.0075,0.1078,1.5421,0.0049,2.2972,1.2543,1.0022,0.005,0.1078,1.3621,1.4299,1.0558,0.0075,0.1078,1.5376,0.0049,4.0069,1.2986,0.9722,0.0065,0.1078,1.4064,1.3906,1.0179,0.0075,0.1078,1.4984,0.0049,3.0807,1.228,0.9365,0.0058,0.1078,1.3358
8,1.3554,0.9867,0.0074,0.1078,1.4632,0.0049,3.7189,1.0963,0.8472,0.005,0.1078,1.2041,1.4308,1.0381,0.0079,0.1078,1.5386,0.0049,4.0324,1.3235,0.9891,0.0067,0.1078,1.4313,1.4109,1.0456,0.0073,0.1078,1.5188,0.0049,4.6296,1.3516,1.0325,0.0064,0.1078,1.4594,1.4526,1.0318,0.0084,0.1078,1.5604,0.0049,3.4237,1.3354,0.9967,0.0068,0.1078,1.4431,1.3801,1.0333,0.0069,0.1078,1.4879,0.0049,4.9293,1.1751,0.8804,0.0059,0.1078,1.2829,1.5388,1.0581,0.0096,0.1078,1.6466,0.0049,2.0127,1.3231,0.9822,0.0068,0.1078,1.4309,1.3925,1.0013,0.0078,0.1078,1.5003,0.0049,3.9861,1.1159,0.9057,0.0042,0.1078,1.2237,1.3801,1.0333,0.0069,0.1078,1.4879,0.0049,4.9293,1.1751,0.8804,0.0059,0.1078,1.2829,1.2588,0.9326,0.0065,0.1078,1.3666,0.0049,3.6537,1.0239,0.7746,0.005,0.1078,1.1317
9,1.3018,0.9501,0.007,0.1078,1.4096,0.0049,3.9882,0.9429,0.7213,0.0044,0.1078,1.0507,1.4028,1.015,0.0078,0.1078,1.5105,0.0049,3.7829,1.2494,0.9323,0.0063,0.1078,1.3572,1.3012,0.9766,0.0065,0.1078,1.409,0.0049,4.3009,1.2813,0.9566,0.0065,0.1078,1.3892,1.3587,0.9801,0.0076,0.1078,1.4665,0.0049,2.8865,1.2296,0.9082,0.0064,0.1078,1.3374,1.2203,0.9286,0.0058,0.1078,1.328,0.0049,3.3617,0.9852,0.7568,0.0046,0.1078,1.093,1.4635,1.0246,0.0088,0.1078,1.5713,0.0049,3.1455,1.2516,0.9138,0.0068,0.1078,1.3594,1.2286,0.9322,0.0059,0.1078,1.3364,0.0049,3.8049,0.987,0.7554,0.0046,0.1078,1.0948,1.2203,0.9286,0.0058,0.1078,1.328,0.0049,3.3617,0.9852,0.7568,0.0046,0.1078,1.093,1.1849,0.8362,0.007,0.1078,1.2927,0.0049,4.3186,0.8364,0.6315,0.0041,0.1078,0.9442
10,1.0642,0.7849,0.0056,0.1078,1.172,0.0049,3.702,0.8728,0.676,0.0039,0.1078,0.9806,1.334,0.9567,0.0075,0.1078,1.4418,0.0049,5.5536,1.1225,0.8225,0.006,0.1078,1.2303,1.1922,0.8966,0.0059,0.1078,1.3,0.0049,4.7321,1.1235,0.8263,0.0059,0.1078,1.2314,1.186,0.8751,0.0062,0.1078,1.2938,0.0049,3.2326,1.0927,0.7935,0.006,0.1078,1.2005,1.1749,0.8677,0.0061,0.1078,1.2827,0.0049,4.3729,0.9066,0.7249,0.0036,0.1078,1.0144,1.4078,0.9686,0.0088,0.1078,1.5156,0.0049,3.0348,1.1807,0.8425,0.0068,0.1078,1.2885,1.1069,0.8088,0.006,0.1078,1.2147,0.0049,3.6448,0.866,0.6839,0.0036,0.1078,0.9738,1.1749,0.8677,0.0061,0.1078,1.2827,0.0049,4.3729,0.9066,0.7249,0.0036,0.1078,1.0144,1.0681,0.7721,0.0059,0.1078,1.1759,0.0049,3.4089,1.0782,0.8686,0.0042,0.1078,1.186
11,1.0164,0.7516,0.0053,0.1078,1.1242,0.0049,4.8653,0.9338,0.7299,0.0041,0.1078,1.0417,1.2511,0.8966,0.0071,0.1078,1.3589,0.0049,6.6117,1.0492,0.7425,0.0061,0.1078,1.157,1.0603,0.7823,0.0056,0.1078,1.1682,0.0049,7.6357,1.0136,0.7133,0.006,0.1078,1.1215,1.1333,0.8105,0.0065,0.1078,1.2411,0.0049,3.2108,1.0977,0.8013,0.0059,0.1078,1.2055,1.0086,0.7712,0.0047,0.1078,1.1165,0.0049,3.4441,1.0568,0.8411,0.0043,0.1078,1.1646,1.356,0.932,0.0085,0.1078,1.4638,0.0049,4.0686,1.1825,0.8503,0.0066,0.1078,1.2903,0.9678,0.7071,0.0052,0.1078,1.0756,0.0049,3.5691,1.1184,0.9637,0.0031,0.1078,1.2262,1.0086,0.7712,0.0047,0.1078,1.1165,0.0049,3.4441,1.0568,0.8411,0.0043,0.1078,1.1646,0.9948,0.719,0.0055,0.1078,1.1026,0.0049,3.2394,0.7265,0.5743,0.003,0.1078,0.8343
12,0.8602,0.637,0.0045,0.1078,0.968,0.0048,3.6323,0.7088,0.5112,0.004,0.1078,0.8167,1.0994,0.7696,0.0066,0.1078,1.2072,0.0048,5.1804,1.0083,0.7307,0.0056,0.1078,1.1161,1.0074,0.7543,0.0051,0.1078,1.1153,0.0048,8.2337,1.2249,0.8839,0.0068,0.1079,1.3328,0.9365,0.6474,0.0058,0.1078,1.0443,0.0048,3.9243,1.172,0.9055,0.0053,0.1078,1.2798,0.899,0.685,0.0043,0.1078,1.0068,0.0048,3.2659,0.9463,0.7787,0.0034,0.1078,1.0541,1.3335,0.9263,0.0081,0.1078,1.4413,0.0048,3.7379,1.2081,0.9038,0.0061,0.1078,1.316,0.9001,0.6642,0.0047,0.1078,1.0079,0.0048,4.1333,0.897,0.7464,0.003,0.1078,1.0048,0.899,0.685,0.0043,0.1078,1.0068,0.0048,3.2659,0.9463,0.7787,0.0034,0.1078,1.0541,1.0072,0.7139,0.0059,0.1078,1.115,0.0048,5.3137,0.6693,0.5124,0.0031,0.1078,0.7771
13,0.9246,0.6625,0.0052,0.1078,1.0324,0.0048,3.2534,0.6872,0.4641,0.0045,0.1078,0.795,1.026,0.7324,0.0059,0.1078,1.1338,0.0048,6.1034,0.9657,0.6791,0.0057,0.1078,1.0735,0.9725,0.6944,0.0056,0.1079,1.0804,0.0048,7.3724,1.2244,0.8117,0.0083,0.1079,1.3323,0.9054,0.6507,0.0051,0.1078,1.0132,0.0048,4.6256,0.9232,0.679,0.0049,0.1078,1.031,0.8169,0.6186,0.004,0.1078,0.9248,0.0048,3.6355,0.8319,0.655,0.0035,0.1078,0.9397,1.2272,0.8335,0.0079,0.1078,1.335,0.0048,4.2794,1.0424,0.7529,0.0058,0.1078,1.1502,0.8343,0.6195,0.0043,0.1078,0.9421,0.0048,3.6667,0.6815,0.5427,0.0028,0.1078,0.7893,0.8169,0.6186,0.004,0.1078,0.9248,0.0048,3.6355,0.8319,0.655,0.0035,0.1078,0.9397,0.7903,0.5724,0.0044,0.1078,0.8981,0.0048,4.9191,0.6443,0.5103,0.0027,0.1078,0.7521
14,0.8331,0.6175,0.0043,0.1079,0.9409,0.0048,5.2371,0.69,0.4637,0.0045,0.1079,0.7979,0.9351,0.6475,0.0058,0.1078,1.0429,0.0048,6.2298,0.9474,0.6607,0.0057,0.1078,1.0553,0.936,0.6559,0.0056,0.1079,1.0439,0.0048,7.2944,1.0189,0.7207,0.006,0.1079,1.1268,0.928,0.6627,0.0053,0.1078,1.0358,0.0048,4.3045,0.9369,0.667,0.0054,0.1078,1.0448,0.7402,0.5548,0.0037,0.1078,0.8481,0.0048,3.5007,0.7309,0.6087,0.0024,0.1078,0.8387,1.1396,0.7842,0.0071,0.1078,1.2474,0.0048,3.9998,0.9855,0.6877,0.006,0.1078,1.0933,0.7874,0.609,0.0036,0.1078,0.8952,0.0048,3.612,0.6694,0.5395,0.0026,0.1078,0.7773,0.7402,0.5548,0.0037,0.1078,0.8481,0.0048,3.5007,0.7309,0.6087,0.0024,0.1078,0.8387,0.7955,0.584,0.0042,0.1078,0.9034,0.0048,4.648,0.6313,0.4946,0.0027,0.1078,0.7392
15,0.7448,0.5415,0.0041,0.1079,0.8527,0.0047,5.2082,0.5388,0.4092,0.0026,0.1079,0.6466,0.9086,0.634,0.0055,0.1078,1.0165,0.0047,5.6866,0.8811,0.6337,0.0049,0.1078,0.9889,0.7851,0.5724,0.0043,0.1079,0.893,0.0047,7.3015,1.0665,0.737,0.0066,0.1079,1.1744,0.7692,0.5404,0.0046,0.1078,0.877,0.0047,3.7664,1.0802,0.7336,0.0069,0.1078,1.1881,0.6825,0.5165,0.0033,0.1078,0.7903,0.0047,4.8401,0.7181,0.5703,0.003,0.1078,0.826,1.1603,0.7786,0.0076,0.1078,1.2682,0.0047,6.0324,1.0104,0.6756,0.0067,0.1078,1.1182,0.7966,0.5499,0.0049,0.1078,0.9045,0.0047,3.3363,0.6395,0.5067,0.0027,0.1078,0.7473,0.6825,0.5165,0.0033,0.1078,0.7903,0.0047,4.8401,0.7181,0.5703,0.003,0.1078,0.826,0.7112,0.5203,0.0038,0.1078,0.819,0.0047,3.4707,0.6015,0.4595,0.0028,0.1078,0.7093
16,0.7403,0.5403,0.004,0.1079,0.8482,0.0047,5.4856,0.4968,0.3843,0.0023,0.1079,0.6046,0.782,0.5455,0.0047,0.1079,0.8898,0.0047,6.0241,0.9599,0.6649,0.0059,0.1079,1.0677,0.8061,0.5838,0.0044,0.1079,0.914,0.0047,5.2337,1.1084,0.7701,0.0068,0.1079,1.2163,0.8575,0.6383,0.0044,0.1078,0.9653,0.0047,4.7389,0.9243,0.7002,0.0045,0.1078,1.0322,0.7568,0.5606,0.0039,0.1078,0.8647,0.0047,5.5006,0.6541,0.5429,0.0022,0.1078,0.7619,1.0702,0.7004,0.0074,0.1078,1.178,0.0047,4.4439,1.0084,0.6826,0.0065,0.1078,1.1162,0.6812,0.5167,0.0033,0.1078,0.789,0.0047,3.8749,0.607,0.4724,0.0027,0.1078,0.7149,0.7568,0.5606,0.0039,0.1078,0.8647,0.0047,5.5006,0.6541,0.5429,0.0022,0.1078,0.7619,0.7725,0.5126,0.0052,0.1079,0.8804,0.0047,3.3277,0.5657,0.4252,0.0028,0.1079,0.6736
17,0.7713,0.5652,0.0041,0.1079,0.8792,0.0047,4.1155,0.5664,0.424,0.0028,0.1079,0.6743,0.9121,0.623,0.0058,0.1079,1.02,0.0047,7.6864,1.0814,0.7558,0.0065,0.1079,1.1892,0.8868,0.6355,0.005,0.1079,0.9947,0.0047,7.7851,1.191,0.853,0.0068,0.1079,1.2989,0.7443,0.5222,0.0044,0.1078,0.8521,0.0047,3.5066,0.6818,0.5412,0.0028,0.1078,0.7897,0.7182,0.5551,0.0033,0.1079,0.8261,0.0047,3.9781,0.6346,0.5404,0.0019,0.1079,0.7425,1.0823,0.712,0.0074,0.1078,1.1901,0.0047,6.4188,0.9617,0.7002,0.0052,0.1078,1.0695,0.6796,0.4994,0.0036,0.1078,0.7875,0.0047,6.6633,0.5694,0.4391,0.0026,0.1078,0.6773,0.7182,0.5551,0.0033,0.1079,0.8261,0.0047,3.9781,0.6346,0.5404,0.0019,0.1079,0.7425,0.7194,0.5314,0.0038,0.1079,0.8273,0.0047,5.0287,0.5416,0.4075,0.0027,0.1079,0.6495
18,0.6415,0.452,0.0038,0.1079,0.7494,0.0046,2.8824,0.5031,0.4033,0.002,0.1079,0.611,0.8785,0.603,0.0055,0.1079,0.9864,0.0046,8.6523,1.0653,0.7458,0.0064,0.1079,1.1732,0.7273,0.4972,0.0046,0.1079,0.8353,0.0046,7.2146,1.253,0.8613,0.0078,0.1079,1.361,0.636,0.4583,0.0036,0.1078,0.7439,0.0046,3.8441,0.6178,0.4919,0.0025,0.1079,0.7257,0.6651,0.4918,0.0035,0.1079,0.773,0.0046,3.7163,0.7119,0.5965,0.0023,0.1079,0.8197,1.0167,0.6793,0.0067,0.1078,1.1245,0.0046,5.7231,1.0075,0.7546,0.0051,0.1079,1.1153,0.5789,0.4407,0.0028,0.1078,0.6867,0.0046,3.4997,0.5234,0.4027,0.0024,0.1078,0.6312,0.6651,0.4918,0.0035,0.1079,0.773,0.0046,3.7163,0.7119,0.5965,0.0023,0.1079,0.8197,0.6886,0.4879,0.004,0.1079,0.7964,0.0046,4.3538,0.5197,0.3919,0.0026,0.1079,0.6276
19,0.6282,0.4432,0.0037,0.1079,0.7361,0.0046,4.3248,0.5449,0.4123,0.0027,0.1079,0.6528,0.9153,0.6386,0.0055,0.1079,1.0232,0.0046,8.4034,1.0112,0.7083,0.0061,0.1079,1.1191,0.6589,0.4682,0.0038,0.1079,0.7669,0.0046,5.9059,1.242,0.8679,0.0075,0.108,1.35,0.5761,0.4333,0.0029,0.1079,0.684,0.0046,3.6599,0.6165,0.4689,0.003,0.1079,0.7244,0.6244,0.4588,0.0033,0.1079,0.7323,0.0046,4.5755,0.6329,0.5444,0.0018,0.1079,0.7408,0.9735,0.681,0.0059,0.1079,1.0814,0.0046,4.9168,1.0283,0.7723,0.0051,0.1079,1.1362,0.6132,0.4542,0.0032,0.1078,0.7211,0.0046,3.8814,0.5237,0.3893,0.0027,0.1078,0.6316,0.6244,0.4588,0.0033,0.1079,0.7323,0.0046,4.5755,0.6329,0.5444,0.0018,0.1079,0.7408,0.6177,0.4475,0.0034,0.1079,0.7256,0.0046,4.2275,0.4736,0.3381,0.0027,0.1079,0.5815
20,0.6248,0.4631,0.0032,0.1079,0.7327,0.0045,3.4591,0.5957,0.4375,0.0032,0.1079,0.7036,0.888,0.6184,0.0054,0.1079,0.9959,0.0045,8.0661,1.058,0.7836,0.0055,0.1079,1.1659,0.5823,0.3984,0.0037,0.108,0.6902,0.0045,5.9018,1.2546,0.8531,0.008,0.108,1.3626,0.6082,0.4154,0.0039,0.1079,0.7161,0.0045,3.7719,0.5951,0.464,0.0026,0.1079,0.7029,0.6818,0.5182,0.0033,0.1079,0.7897,0.0045,4.9077,0.6345,0.5537,0.0016,0.1079,0.7424,0.9279,0.6015,0.0065,0.1079,1.0358,0.0045,5.6808,1.023,0.7548,0.0054,0.1079,1.1309,0.6184,0.4571,0.0032,0.1078,0.7263,0.0045,4.2758,0.5049,0.3828,0.0024,0.1079,0.6127,0.6818,0.5182,0.0033,0.1079,0.7897,0.0045,4.9077,0.6345,0.5537,0.0016,0.1079,0.7424,0.5495,0.3956,0.0031,0.1079,0.6574,0.0045,3.8322,0.4641,0.3515,0.0023,0.1079,0.572
21,0.4804,0.3552,0.0025,0.1079,0.5883,0.0045,3.2412,0.4996,0.4178,0.0016,0.1079,0.6075,0.7105,0.4913,0.0044,0.1079,0.8184,0.0045,8.3374,1.1586,0.8764,0.0056,0.1079,1.2665,0.642,0.4631,0.0036,0.108,0.7499,0.0045,5.129,1.2325,0.8258,0.0081,0.108,1.3405,0.6019,0.4426,0.0032,0.1079,0.7098,0.0045,3.5,0.5916,0.4814,0.0022,0.1079,0.6995,0.629,0.474,0.0031,0.1079,0.7369,0.0045,4.9774,0.6953,0.585,0.0022,0.1079,0.8032,0.8672,0.5644,0.0061,0.1079,0.975,0.0045,4.6645,1.0828,0.8008,0.0056,0.1079,1.1907,0.5374,0.4078,0.0026,0.1079,0.6452,0.0045,4.0013,0.5577,0.4324,0.0025,0.1079,0.6656,0.629,0.474,0.0031,0.1079,0.7369,0.0045,4.9774,0.6953,0.585,0.0022,0.1079,0.8032,0.5398,0.3971,0.0029,0.1079,0.6476,0.0045,5.0827,0.479,0.3422,0.0027,0.1079,0.5869
22,0.4701,0.3446,0.0025,0.1079,0.578,0.0044,4.0534,0.4768,0.3864,0.0018,0.1079,0.5847,0.7477,0.5032,0.0049,0.1079,0.8556,0.0044,8.8796,1.1512,0.8659,0.0057,0.1079,1.2591,0.6196,0.4309,0.0038,0.108,0.7276,0.0044,6.4132,1.1003,0.7587,0.0068,0.108,1.2082,0.6283,0.4477,0.0036,0.1079,0.7362,0.0044,5.3788,0.6424,0.5086,0.0027,0.1079,0.7502,0.5635,0.4149,0.003,0.1079,0.6714,0.0044,3.2161,0.774,0.6384,0.0027,0.1079,0.8818,0.8697,0.5959,0.0055,0.1079,0.9775,0.0044,4.9438,1.0663,0.7724,0.0059,0.1079,1.1741,0.5245,0.3856,0.0028,0.1079,0.6323,0.0044,4.189,0.594,0.4578,0.0027,0.1079,0.7019,0.5635,0.4149,0.003,0.1079,0.6714,0.0044,3.2161,0.774,0.6384,0.0027,0.1079,0.8818,0.6047,0.4368,0.0034,0.1079,0.7126,0.0044,4.6143,0.4518,0.3272,0.0025,0.1079,0.5597
23,0.5234,0.3722,0.003,0.1079,0.6313,0.0044,3.6669,0.429,0.3385,0.0018,0.1079,0.5369,0.7699,0.5252,0.0049,0.108,0.8778,0.0044,7.3371,1.1026,0.7746,0.0066,0.108,1.2106,0.5713,0.388,0.0037,0.108,0.6793,0.0044,5.2244,1.1113,0.7699,0.0068,0.108,1.2193,0.5145,0.3879,0.0025,0.1079,0.6224,0.0044,4.4914,0.64,0.5006,0.0028,0.1079,0.7479,0.5505,0.4056,0.0029,0.1079,0.6584,0.0044,3.8324,0.7986,0.6603,0.0028,0.1079,0.9065,0.7718,0.4959,0.0055,0.1079,0.8797,0.0044,4.6836,1.0687,0.7557,0.0063,0.1079,1.1765,0.5536,0.4314,0.0024,0.1079,0.6614,0.0044,3.129,0.6454,0.492,0.0031,0.1079,0.7532,0.5505,0.4056,0.0029,0.1079,0.6584,0.0044,3.8324,0.7986,0.6603,0.0028,0.1079,0.9065,0.5148,0.3586,0.0031,0.1079,0.6227,0.0044,2.7675,0.4666,0.3227,0.0029,0.1079,0.5745
24,0.469,0.353,0.0023,0.1079,0.5769,0.0043,3.2012,0.4355,0.3354,0.002,0.1079,0.5434,0.7324,0.4831,0.005,0.108,0.8403,0.0043,7.215,1.1392,0.7711,0.0074,0.108,1.2472,0.6276,0.4558,0.0034,0.108,0.7356,0.0043,7.5182,1.1724,0.7578,0.0083,0.108,1.2804,0.5299,0.394,0.0027,0.1079,0.6377,0.0043,3.2833,0.5704,0.468,0.002,0.1079,0.6782,0.5267,0.4034,0.0025,0.1079,0.6346,0.0043,4.4729,0.7224,0.602,0.0024,0.1079,0.8303,0.8058,0.5052,0.006,0.1079,0.9137,0.0043,6.9062,1.0688,0.7549,0.0063,0.1079,1.1767,0.4615,0.3411,0.0024,0.1079,0.5694,0.0043,2.8601,0.6381,0.4977,0.0028,0.1079,0.746,0.5267,0.4034,0.0025,0.1079,0.6346,0.0043,4.4729,0.7224,0.602,0.0024,0.1079,0.8303,0.537,0.3872,0.003,0.1079,0.6449,0.0043,5.1347,0.5024,0.357,0.0029,0.1079,0.6103
25,0.4715,0.3364,0.0027,0.1079,0.5794,0.0043,3.3933,0.4901,0.3684,0.0024,0.1079,0.598,0.6884,0.48,0.0042,0.108,0.7964,0.0043,5.0501,1.1552,0.8235,0.0066,0.108,1.2632,0.5793,0.3992,0.0036,0.108,0.6873,0.0043,7.5356,1.0419,0.7317,0.0062,0.108,1.1499,0.4962,0.3417,0.0031,0.1079,0.6041,0.0043,3.5097,0.4982,0.4089,0.0018,0.1079,0.6061,0.5731,0.4094,0.0033,0.1079,0.681,0.0043,5.6212,0.6199,0.5262,0.0019,0.1079,0.7278,0.7651,0.5271,0.0048,0.1079,0.873,0.0043,6.3925,1.0366,0.7171,0.0064,0.1079,1.1445,0.4507,0.3261,0.0025,0.1079,0.5585,0.0043,2.7795,0.6372,0.4949,0.0028,0.1079,0.745,0.5731,0.4094,0.0033,0.1079,0.681,0.0043,5.6212,0.6199,0.5262,0.0019,0.1079,0.7278,0.6363,0.4433,0.0039,0.1079,0.7442,0.0043,6.7644,0.5546,0.4044,0.003,0.1079,0.6626
26,0.448,0.3271,0.0024,0.1079,0.5559,0.0042,3.6565,0.5068,0.4043,0.002,0.1079,0.6147,0.6755,0.4653,0.0042,0.108,0.7835,0.0042,5.6355,1.1462,0.7855,0.0072,0.108,1.2542,0.5309,0.3918,0.0028,0.108,0.6389,0.0042,6.6131,1.0137,0.7337,0.0056,0.108,1.1217,0.5292,0.3766,0.0031,0.1079,0.6371,0.0042,2.8907,0.5109,0.4152,0.0019,0.1079,0.6188,0.4677,0.3464,0.0024,0.1079,0.5756,0.0042,5.0912,0.4478,0.392,0.0011,0.1079,0.5557,0.7678,0.4851,0.0057,0.1079,0.8757,0.0042,5.1083,1.033,0.7115,0.0064,0.1079,1.1409,0.4754,0.3585,0.0023,0.1079,0.5833,0.0042,4.1591,0.6988,0.5005,0.004,0.1079,0.8067,0.4677,0.3464,0.0024,0.1079,0.5756,0.0042,5.0912,0.4478,0.392,0.0011,0.1079,0.5557,0.4855,0.329,0.0031,0.1079,0.5934,0.0042,3.7163,0.5588,0.3949,0.0033,0.1079,0.6667
27,0.5004,0.3534,0.0029,0.1079,0.6083,0.0042,3.8945,0.5115,0.4188,0.0019,0.1079,0.6194,0.6553,0.4599,0.0039,0.108,0.7633,0.0042,4.6986,1.2693,0.8306,0.0088,0.108,1.3773,0.5035,0.3602,0.0029,0.108,0.6115,0.0042,5.1834,1.0917,0.7592,0.0066,0.108,1.1997,0.4663,0.364,0.002,0.1079,0.5741,0.0042,3.2951,0.5274,0.431,0.0019,0.1079,0.6352,0.4711,0.3288,0.0028,0.1079,0.579,0.0042,4.8128,0.4176,0.3686,9.80E-04,0.1079,0.5255,0.7601,0.5035,0.0051,0.1079,0.868,0.0042,6.2164,1.014,0.7036,0.0062,0.1079,1.122,0.5347,0.4044,0.0026,0.1079,0.6426,0.0042,5.3097,0.6519,0.5011,0.003,0.1079,0.7598,0.4711,0.3288,0.0028,0.1079,0.579,0.0042,4.8128,0.4176,0.3686,9.80E-04,0.1079,0.5255,0.3996,0.2911,0.0022,0.1079,0.5075,0.0042,4.2308,0.5429,0.3893,0.0031,0.1079,0.6508
28,0.4039,0.2917,0.0022,0.1079,0.5119,0.0041,3.0117,0.4534,0.379,0.0015,0.1079,0.5613,0.5941,0.4116,0.0036,0.108,0.7021,0.0041,5.9434,1.2254,0.8472,0.0076,0.108,1.3335,0.5648,0.3992,0.0033,0.108,0.6728,0.0041,5.9483,1.1497,0.7604,0.0078,0.108,1.2578,0.5098,0.3614,0.003,0.1079,0.6177,0.0041,6.0767,0.4849,0.4057,0.0016,0.1079,0.5928,0.4774,0.3376,0.0028,0.1079,0.5853,0.0041,4.4652,0.4062,0.3562,0.001,0.1079,0.5142,0.6362,0.4073,0.0046,0.1079,0.7442,0.0041,4.6107,0.9703,0.6427,0.0066,0.1079,1.0782,0.3956,0.291,0.0021,0.1079,0.5035,0.0041,2.7829,0.6485,0.5196,0.0026,0.1079,0.7564,0.4774,0.3376,0.0028,0.1079,0.5853,0.0041,4.4652,0.4062,0.3562,0.001,0.1079,0.5142,0.4568,0.3233,0.0027,0.1079,0.5648,0.0041,4.3186,0.5649,0.4208,0.0029,0.1079,0.6729
29,0.4116,0.2876,0.0025,0.1079,0.5195,0.004,3.7215,0.3779,0.3089,0.0014,0.1079,0.4858,0.5793,0.3986,0.0036,0.108,0.6873,0.004,6.1896,1.2324,0.8026,0.0086,0.108,1.3405,0.532,0.3734,0.0032,0.108,0.64,0.004,5.0011,0.9861,0.6957,0.0058,0.108,1.0941,0.5153,0.3951,0.0024,0.1079,0.6232,0.004,5.7424,0.4903,0.4141,0.0015,0.1079,0.5982,0.4333,0.3252,0.0022,0.1079,0.5412,0.004,4.4789,0.4271,0.3416,0.0017,0.1079,0.535,0.6933,0.4484,0.0049,0.1079,0.8012,0.004,5.8955,0.9982,0.6392,0.0072,0.1079,1.1062,0.4748,0.3387,0.0027,0.1079,0.5827,0.004,5.0618,0.628,0.5123,0.0023,0.1079,0.7359,0.4333,0.3252,0.0022,0.1079,0.5412,0.004,4.4789,0.4271,0.3416,0.0017,0.1079,0.535,0.4644,0.3471,0.0023,0.1079,0.5724,0.004,4.9713,0.4996,0.3777,0.0024,0.1079,0.6075
30,0.3776,0.2794,0.002,0.1079,0.4855,0.004,4.0668,0.4034,0.3182,0.0017,0.1079,0.5113,0.6509,0.4629,0.0038,0.108,0.7589,0.004,7.4841,1.2615,0.83,0.0086,0.108,1.3696,0.6318,0.4565,0.0035,0.108,0.7399,0.004,5.236,1.0506,0.7251,0.0065,0.108,1.1587,0.5774,0.4123,0.0033,0.1079,0.6853,0.004,5.1952,0.5421,0.4306,0.0022,0.1079,0.65,0.3853,0.2698,0.0023,0.1079,0.4933,0.004,4.894,0.3337,0.2764,0.0011,0.1079,0.4416,0.7506,0.5016,0.005,0.1079,0.8585,0.004,7.7676,1.1513,0.7843,0.0073,0.1079,1.2592,0.4103,0.3196,0.0018,0.1079,0.5182,0.004,3.3899,0.6195,0.5084,0.0022,0.1079,0.7274,0.3853,0.2698,0.0023,0.1079,0.4933,0.004,4.894,0.3337,0.2764,0.0011,0.1079,0.4416,0.3985,0.2657,0.0027,0.1079,0.5065,0.004,3.7029,0.4285,0.3338,0.0019,0.1079,0.5364
31,0.3756,0.2774,0.002,0.1079,0.4836,0.0039,2.6831,0.405,0.3066,0.002,0.1079,0.5129,0.6341,0.4268,0.0041,0.108,0.7421,0.0039,5.972,1.2706,0.8372,0.0087,0.108,1.3786,0.6235,0.4171,0.0041,0.1081,0.7315,0.0039,6.2272,1.1937,0.7736,0.0084,0.1081,1.3017,0.4192,0.3245,0.0019,0.1079,0.5271,0.0039,2.9597,0.5264,0.4257,0.002,0.1079,0.6343,0.3462,0.2515,0.0019,0.1079,0.4542,0.0039,3.485,0.3478,0.2841,0.0013,0.1079,0.4557,0.6426,0.3993,0.0049,0.1079,0.7506,0.0039,5.0749,1.2863,0.9097,0.0075,0.108,1.3943,0.4098,0.3089,0.002,0.1079,0.5177,0.0039,3.9164,0.6282,0.4967,0.0026,0.1079,0.7361,0.3462,0.2515,0.0019,0.1079,0.4542,0.0039,3.485,0.3478,0.2841,0.0013,0.1079,0.4557,0.3988,0.264,0.0027,0.1079,0.5068,0.0039,3.8305,0.4039,0.3061,0.002,0.108,0.5119
32,0.4033,0.2969,0.0021,0.1079,0.5112,0.0039,3.356,0.3993,0.3059,0.0019,0.1079,0.5072,0.6522,0.4369,0.0043,0.108,0.7602,0.0039,6.3503,1.1241,0.7702,0.0071,0.108,1.2321,0.4994,0.3507,0.003,0.1081,0.6075,0.0039,5.3004,1.135,0.7066,0.0086,0.1081,1.2431,0.5632,0.3993,0.0033,0.1079,0.6711,0.0039,5.3958,0.5731,0.4471,0.0025,0.1079,0.681,0.4519,0.3331,0.0024,0.1079,0.5598,0.0039,4.8011,0.3613,0.2743,0.0017,0.1079,0.4692,0.6517,0.4444,0.0041,0.108,0.7596,0.0039,4.9331,1.2194,0.8692,0.007,0.108,1.3274,0.3761,0.2796,0.0019,0.1079,0.484,0.0039,3.0116,0.5789,0.4789,0.002,0.1079,0.6868,0.4519,0.3331,0.0024,0.1079,0.5598,0.0039,4.8011,0.3613,0.2743,0.0017,0.1079,0.4692,0.3673,0.2627,0.0021,0.108,0.4753,0.0039,5.6753,0.3247,0.2526,0.0014,0.108,0.4327
33,0.4937,0.3714,0.0024,0.1079,0.6016,0.0038,6.0854,0.4564,0.3473,0.0022,0.1079,0.5643,0.5821,0.3921,0.0038,0.1081,0.6901,0.0038,5.224,1.0232,0.6911,0.0066,0.1081,1.1313,0.5104,0.3736,0.0027,0.1081,0.6185,0.0038,4.7301,1.1711,0.7648,0.0081,0.1081,1.2792,0.408,0.2963,0.0022,0.1079,0.5159,0.0038,4.2032,0.6114,0.4656,0.0029,0.1079,0.7193,0.4159,0.3172,0.002,0.1079,0.5238,0.0038,3.5324,0.3229,0.2603,0.0013,0.108,0.4308,0.6605,0.4442,0.0043,0.108,0.7685,0.0038,5.7281,1.1339,0.8148,0.0064,0.108,1.2418,0.355,0.2757,0.0016,0.1079,0.4629,0.0038,3.293,0.5725,0.4729,0.002,0.1079,0.6804,0.4159,0.3172,0.002,0.1079,0.5238,0.0038,3.5324,0.3229,0.2603,0.0013,0.108,0.4308,0.3459,0.2503,0.0019,0.108,0.4538,0.0038,3.4169,0.3072,0.2315,0.0015,0.108,0.4152
34,0.334,0.2453,0.0018,0.1079,0.4419,0.0037,3.4169,0.4572,0.347,0.0022,0.108,0.5651,0.6151,0.4264,0.0038,0.1081,0.7232,0.0037,7.4136,0.9032,0.6023,0.006,0.1081,1.0112,0.5063,0.35,0.0031,0.1081,0.6144,0.0037,5.308,1.3865,0.9193,0.0093,0.1081,1.4946,0.4168,0.2999,0.0023,0.1079,0.5248,0.0037,5.8599,0.5694,0.466,0.0021,0.1079,0.6774,0.368,0.273,0.0019,0.108,0.4759,0.0037,2.3904,0.3637,0.3039,0.0012,0.108,0.4716,0.672,0.4612,0.0042,0.108,0.78,0.0037,5.7072,1.1399,0.8453,0.0059,0.108,1.2479,0.4216,0.3132,0.0022,0.1079,0.5295,0.0037,4.1348,0.5517,0.458,0.0019,0.1079,0.6596,0.368,0.273,0.0019,0.108,0.4759,0.0037,2.3904,0.3637,0.3039,0.0012,0.108,0.4716,0.4029,0.2814,0.0024,0.108,0.5108,0.0037,3.146,0.3423,0.2467,0.0019,0.108,0.4503
35,0.386,0.2775,0.0022,0.108,0.494,0.0036,4.0737,0.4771,0.3665,0.0022,0.108,0.585,0.6469,0.4411,0.0041,0.1081,0.7549,0.0036,7.1031,0.8674,0.6144,0.0051,0.1081,0.9755,0.4848,0.317,0.0034,0.1081,0.5929,0.0036,7.7802,1.1096,0.7659,0.0069,0.1081,1.2177,0.4368,0.2999,0.0027,0.1079,0.5448,0.0036,5.6003,0.6072,0.4932,0.0023,0.1079,0.7151,0.3617,0.2722,0.0018,0.108,0.4696,0.0036,3.5165,0.3214,0.2571,0.0013,0.108,0.4294,0.6537,0.4328,0.0044,0.108,0.7616,0.0036,7.4234,1.2161,0.8848,0.0066,0.108,1.3241,0.4256,0.3038,0.0024,0.1079,0.5336,0.0036,3.4534,0.5339,0.4337,0.002,0.1079,0.6418,0.3617,0.2722,0.0018,0.108,0.4696,0.0036,3.5165,0.3214,0.2571,0.0013,0.108,0.4294,0.4694,0.3305,0.0028,0.108,0.5773,0.0036,4.7161,0.3476,0.2619,0.0017,0.108,0.4556
36,0.3259,0.252,0.0015,0.108,0.4338,0.0036,2.6952,0.5137,0.4045,0.0022,0.108,0.6217,0.4959,0.3648,0.0026,0.1081,0.604,0.0036,5.3862,0.9242,0.6487,0.0055,0.1081,1.0322,0.4998,0.362,0.0028,0.1081,0.6079,0.0036,4.1212,1.0533,0.6954,0.0072,0.1081,1.1613,0.4193,0.3111,0.0022,0.1079,0.5273,0.0036,3.8397,0.6153,0.481,0.0027,0.1079,0.7232,0.3628,0.2662,0.0019,0.108,0.4708,0.0036,3.6326,0.3144,0.244,0.0014,0.108,0.4224,0.565,0.3738,0.0038,0.108,0.673,0.0036,5.3083,1.2042,0.8965,0.0062,0.108,1.3122,0.3544,0.2729,0.0016,0.1079,0.4623,0.0036,3.8637,0.5404,0.413,0.0025,0.1079,0.6483,0.3628,0.2662,0.0019,0.108,0.4708,0.0036,3.6326,0.3144,0.244,0.0014,0.108,0.4224,0.3316,0.2215,0.0022,0.108,0.4395,0.0036,3.0455,0.3362,0.2542,0.0016,0.108,0.4442
37,0.3334,0.2571,0.0015,0.108,0.4414,0.0035,5.4609,0.5523,0.4443,0.0022,0.108,0.6603,0.5734,0.393,0.0036,0.1081,0.6814,0.0035,6.6142,0.9841,0.6675,0.0063,0.1081,1.0922,0.5073,0.3533,0.0031,0.1081,0.6154,0.0035,4.7367,1.0451,0.6791,0.0073,0.1081,1.1531,0.4443,0.3246,0.0024,0.1079,0.5523,0.0035,5.0103,0.543,0.4555,0.0018,0.1079,0.6509,0.3344,0.2515,0.0017,0.108,0.4423,0.0035,3.5533,0.3291,0.2489,0.0016,0.108,0.437,0.5993,0.4008,0.004,0.108,0.7073,0.0035,5.3749,1.1696,0.8678,0.006,0.108,1.2776,0.3527,0.2639,0.0018,0.1079,0.4606,0.0035,3.2148,0.5273,0.4103,0.0023,0.1079,0.6353,0.3344,0.2515,0.0017,0.108,0.4423,0.0035,3.5533,0.3291,0.2489,0.0016,0.108,0.437,0.3739,0.2715,0.002,0.108,0.4818,0.0035,4.6625,0.3089,0.2296,0.0016,0.108,0.4169
38,0.2994,0.2124,0.0017,0.108,0.4074,0.0034,3.6458,0.5382,0.4176,0.0024,0.108,0.6461,0.4815,0.3168,0.0033,0.1081,0.5896,0.0034,4.3482,0.8943,0.6143,0.0056,0.1081,1.0024,0.4039,0.275,0.0026,0.1081,0.512,0.0034,7.3326,1.0792,0.7002,0.0076,0.1081,1.1873,0.3986,0.2741,0.0025,0.1079,0.5065,0.0034,5.0747,0.5047,0.4333,0.0014,0.1079,0.6127,0.3207,0.2224,0.002,0.108,0.4287,0.0034,3.2478,0.3245,0.2598,0.0013,0.108,0.4324,0.5736,0.383,0.0038,0.108,0.6816,0.0034,5.6612,1.1774,0.8469,0.0066,0.108,1.2854,0.3266,0.2526,0.0015,0.1079,0.4345,0.0034,3.7101,0.4883,0.389,0.002,0.1079,0.5962,0.3207,0.2224,0.002,0.108,0.4287,0.0034,3.2478,0.3245,0.2598,0.0013,0.108,0.4324,0.2763,0.1978,0.0016,0.108,0.3843,0.0034,2.3761,0.3117,0.2365,0.0015,0.108,0.4197
39,0.3128,0.214,0.002,0.108,0.4208,0.0034,3.4297,0.5156,0.3923,0.0025,0.108,0.6236,0.4674,0.3341,0.0027,0.1081,0.5755,0.0034,5.4624,0.9431,0.5942,0.007,0.1081,1.0512,0.4758,0.3424,0.0027,0.1081,0.5839,0.0034,5.0387,1.0242,0.669,0.0071,0.1081,1.1323,0.3377,0.2607,0.0015,0.1079,0.4456,0.0034,5.0541,0.5256,0.4496,0.0015,0.1079,0.6335,0.3007,0.2036,0.0019,0.108,0.4087,0.0034,3.5386,0.3172,0.2529,0.0013,0.108,0.4252,0.5867,0.3784,0.0042,0.108,0.6947,0.0034,6.1786,1.1518,0.8215,0.0066,0.108,1.2598,0.3585,0.2698,0.0018,0.1079,0.4664,0.0034,3.4416,0.4052,0.3315,0.0015,0.1079,0.5131,0.3007,0.2036,0.0019,0.108,0.4087,0.0034,3.5386,0.3172,0.2529,0.0013,0.108,0.4252,0.3156,0.2178,0.002,0.108,0.4236,0.0034,4.342,0.329,0.2475,0.0016,0.108,0.4369
40,0.3546,0.2616,0.0019,0.108,0.4626,0.0033,4.1754,0.5434,0.3959,0.003,0.108,0.6514,0.4634,0.3238,0.0028,0.1081,0.5714,0.0033,5.0984,0.927,0.6001,0.0065,0.1081,1.0351,0.4511,0.3051,0.0029,0.1081,0.5592,0.0033,3.9511,1.0677,0.7045,0.0073,0.1081,1.1758,0.4542,0.3319,0.0024,0.1079,0.5622,0.0033,5.6729,0.5405,0.4541,0.0017,0.1079,0.6485,0.3566,0.2565,0.002,0.108,0.4646,0.0033,3.1561,0.3581,0.2457,0.0022,0.108,0.4661,0.6168,0.3878,0.0046,0.108,0.7248,0.0033,8.4343,1.1318,0.8107,0.0064,0.108,1.2398,0.3985,0.2913,0.0021,0.1079,0.5064,0.0033,3.8421,0.4362,0.3451,0.0018,0.1079,0.5441,0.3566,0.2565,0.002,0.108,0.4646,0.0033,3.1561,0.3581,0.2457,0.0022,0.108,0.4661,0.3667,0.2767,0.0018,0.108,0.4747,0.0033,4.003,0.3321,0.2441,0.0018,0.108,0.4401
41,0.3521,0.2646,0.0018,0.108,0.4601,0.0032,4.9389,0.5044,0.3914,0.0023,0.108,0.6123,0.4637,0.2984,0.0033,0.1081,0.5718,0.0032,4.2913,0.9164,0.6288,0.0058,0.1081,1.0245,0.4183,0.3049,0.0023,0.1081,0.5264,0.0032,4.1879,0.9048,0.6222,0.0057,0.1081,1.0129,0.3942,0.2917,0.002,0.108,0.5021,0.0032,4.7522,0.5658,0.4761,0.0018,0.108,0.6737,0.3323,0.245,0.0017,0.108,0.4403,0.0032,4.47,0.2889,0.2264,0.0013,0.108,0.3969,0.5448,0.3619,0.0037,0.108,0.6528,0.0032,7.001,1.0053,0.6984,0.0061,0.108,1.1133,0.3407,0.2599,0.0016,0.1079,0.4487,0.0032,3.2364,0.5197,0.412,0.0022,0.1079,0.6276,0.3323,0.245,0.0017,0.108,0.4403,0.0032,4.47,0.2889,0.2264,0.0013,0.108,0.3969,0.2755,0.2085,0.0013,0.108,0.3835,0.0032,2.9948,0.3748,0.2542,0.0024,0.108,0.4828
42,0.2787,0.2018,0.0015,0.108,0.3867,0.0031,2.9941,0.4744,0.3603,0.0023,0.108,0.5824,0.4213,0.2937,0.0026,0.1081,0.5294,0.0031,4.684,0.8622,0.5873,0.0055,0.1081,0.9703,0.5244,0.3922,0.0026,0.1081,0.6325,0.0031,4.764,0.7956,0.5302,0.0053,0.1081,0.9037,0.325,0.2277,0.0019,0.108,0.433,0.0031,3.4519,0.6016,0.4959,0.0021,0.108,0.7096,0.4254,0.2941,0.0026,0.108,0.5334,0.0031,3.5589,0.2727,0.226,9.33E-04,0.108,0.3807,0.5206,0.341,0.0036,0.108,0.6286,0.0031,4.2409,0.9721,0.6572,0.0063,0.108,1.0801,0.289,0.2215,0.0014,0.1079,0.397,0.0031,3.8348,0.482,0.3763,0.0021,0.1079,0.5899,0.4254,0.2941,0.0026,0.108,0.5334,0.0031,3.5589,0.2727,0.226,9.33E-04,0.108,0.3807,0.3711,0.2484,0.0025,0.108,0.4791,0.0031,4.9363,0.3903,0.2616,0.0026,0.108,0.4983
43,0.2982,0.2266,0.0014,0.108,0.4062,0.0031,4.3976,0.4596,0.3498,0.0022,0.108,0.5676,0.563,0.3772,0.0037,0.1081,0.6711,0.0031,5.1775,0.8321,0.5727,0.0052,0.1081,0.9402,0.4224,0.3103,0.0022,0.1081,0.5305,0.0031,5.768,0.8043,0.5566,0.005,0.1081,0.9124,0.367,0.2757,0.0018,0.108,0.475,0.0031,5.3676,0.6089,0.5013,0.0022,0.108,0.7169,0.314,0.2143,0.002,0.108,0.4219,0.0031,3.9466,0.31,0.235,0.0015,0.108,0.4179,0.5523,0.363,0.0038,0.108,0.6603,0.0031,4.9613,0.9709,0.6761,0.0059,0.108,1.0789,0.333,0.2537,0.0016,0.1079,0.4409,0.0031,3.8201,0.4124,0.3091,0.0021,0.1079,0.5203,0.314,0.2143,0.002,0.108,0.4219,0.0031,3.9466,0.31,0.235,0.0015,0.108,0.4179,0.3884,0.2808,0.0022,0.108,0.4963,0.0031,3.6556,0.4141,0.2746,0.0028,0.108,0.5221
44,0.3316,0.2491,0.0016,0.108,0.4396,0.003,4.5376,0.4301,0.3277,0.002,0.108,0.5381,0.5875,0.4063,0.0036,0.1081,0.6956,0.003,5.6447,0.8087,0.5486,0.0052,0.1081,0.9168,0.4017,0.295,0.0021,0.1081,0.5098,0.003,5.2253,0.7657,0.5546,0.0042,0.1081,0.8738,0.2996,0.2161,0.0017,0.108,0.4076,0.003,3.3465,0.5958,0.4943,0.002,0.108,0.7038,0.3119,0.2115,0.002,0.108,0.4198,0.003,2.6124,0.2758,0.2203,0.0011,0.108,0.3838,0.5519,0.3655,0.0037,0.108,0.6599,0.003,5.2674,0.9561,0.6808,0.0055,0.108,1.0641,0.4623,0.3664,0.0019,0.1079,0.5703,0.003,5.1968,0.4044,0.3098,0.0019,0.1079,0.5123,0.3119,0.2115,0.002,0.108,0.4198,0.003,2.6124,0.2758,0.2203,0.0011,0.108,0.3838,0.3786,0.2946,0.0017,0.108,0.4866,0.003,5.1139,0.4795,0.3183,0.0032,0.108,0.5875
45,0.3131,0.2118,0.002,0.108,0.4211,0.0029,5.0044,0.4336,0.3238,0.0022,0.108,0.5416,0.4423,0.3035,0.0028,0.1081,0.5505,0.0029,6.2078,0.5891,0.3943,0.0039,0.1081,0.6972,0.4178,0.2982,0.0024,0.1081,0.526,0.0029,4.4191,0.724,0.5395,0.0037,0.1081,0.8321,0.3733,0.2657,0.0022,0.108,0.4813,0.0029,4.0144,0.5838,0.4797,0.0021,0.108,0.6918,0.3104,0.232,0.0016,0.108,0.4183,0.0029,3.6321,0.2722,0.2159,0.0011,0.108,0.3802,0.5797,0.4004,0.0036,0.108,0.6877,0.0029,6.507,1.0801,0.7772,0.0061,0.108,1.1882,0.2977,0.2212,0.0015,0.1079,0.4056,0.0029,3.4651,0.4249,0.329,0.0019,0.1079,0.5328,0.3104,0.232,0.0016,0.108,0.4183,0.0029,3.6321,0.2722,0.2159,0.0011,0.108,0.3802,0.3609,0.2675,0.0019,0.108,0.4689,0.0029,4.7768,0.4629,0.2981,0.0033,0.108,0.5709
46,0.2615,0.1887,0.0015,0.108,0.3694,0.0028,2.567,0.4632,0.349,0.0023,0.108,0.5712,0.4266,0.2912,0.0027,0.1081,0.5347,0.0028,5.7738,0.7912,0.5427,0.005,0.1081,0.8993,0.4002,0.2916,0.0022,0.1081,0.5083,0.0028,5.3647,0.7409,0.5122,0.0046,0.1081,0.849,0.3092,0.2206,0.0018,0.108,0.4171,0.0028,3.2292,0.581,0.466,0.0023,0.108,0.689,0.3248,0.2477,0.0015,0.108,0.4328,0.0028,4.0695,0.2913,0.2242,0.0013,0.108,0.3993,0.5042,0.3312,0.0035,0.108,0.6123,0.0028,4.3648,1.1876,0.8643,0.0065,0.108,1.2957,0.3393,0.2499,0.0018,0.1079,0.4473,0.0028,4.4673,0.3722,0.271,0.002,0.1079,0.4802,0.3248,0.2477,0.0015,0.108,0.4328,0.0028,4.0695,0.2913,0.2242,0.0013,0.108,0.3993,0.2702,0.1978,0.0014,0.108,0.3782,0.0028,3.1627,0.4993,0.3115,0.0038,0.108,0.6073
47,0.3166,0.2274,0.0018,0.108,0.4246,0.0027,3.197,0.4843,0.3627,0.0024,0.108,0.5923,0.414,0.2959,0.0024,0.1081,0.5221,0.0027,5.4365,0.8645,0.5701,0.0059,0.1081,0.9726,0.3842,0.2712,0.0023,0.1081,0.4924,0.0027,5.3506,0.4914,0.3366,0.0031,0.1081,0.5995,0.3562,0.2627,0.0019,0.108,0.4642,0.0027,4.778,0.5907,0.4599,0.0026,0.108,0.6987,0.3344,0.2504,0.0017,0.108,0.4424,0.0027,4.7122,0.28,0.2346,9.09E-04,0.108,0.388,0.4746,0.2975,0.0035,0.108,0.5827,0.0027,4.2218,1.2181,0.8964,0.0064,0.108,1.3262,0.258,0.1929,0.0013,0.1079,0.366,0.0027,3.4117,0.352,0.2434,0.0022,0.1079,0.46,0.3344,0.2504,0.0017,0.108,0.4424,0.0027,4.7122,0.28,0.2346,9.09E-04,0.108,0.388,0.2507,0.1786,0.0014,0.108,0.3587,0.0027,2.5644,0.5025,0.3272,0.0035,0.108,0.6105
48,0.3015,0.2259,0.0015,0.108,0.4094,0.0027,3.121,0.4841,0.3621,0.0024,0.108,0.592,0.5615,0.413,0.003,0.1081,0.6697,0.0027,6.1573,0.8684,0.5597,0.0062,0.1081,0.9765,0.3544,0.2635,0.0018,0.1081,0.4625,0.0027,4.2064,0.6662,0.5349,0.0026,0.1081,0.7744,0.3077,0.2368,0.0014,0.108,0.4157,0.0027,3.2632,0.5682,0.456,0.0022,0.108,0.6762,0.3953,0.2961,0.002,0.108,0.5033,0.0027,3.9626,0.2507,0.2137,7.41E-04,0.108,0.3587,0.4518,0.3032,0.003,0.108,0.5599,0.0027,5.1566,1.1848,0.8824,0.006,0.108,1.2929,0.2827,0.227,0.0011,0.1079,0.3906,0.0027,2.8199,0.34,0.2321,0.0022,0.1079,0.448,0.3953,0.2961,0.002,0.108,0.5033,0.0027,3.9626,0.2507,0.2137,7.41E-04,0.108,0.3587,0.3724,0.2881,0.0017,0.108,0.4804,0.0027,6.0525,0.529,0.3515,0.0035,0.108,0.637
49,0.2538,0.1844,0.0014,0.108,0.3618,0.0026,2.8154,0.4754,0.3651,0.0022,0.108,0.5834,0.4236,0.29,0.0027,0.1081,0.5317,0.0026,3.4968,0.8362,0.5262,0.0062,0.1081,0.9443,0.3588,0.2595,0.002,0.1081,0.4669,0.0026,3.7297,0.6434,0.5067,0.0027,0.1081,0.7516,0.3131,0.2283,0.0017,0.108,0.421,0.0026,3.5052,0.5512,0.439,0.0022,0.108,0.6592,0.2873,0.2155,0.0014,0.108,0.3953,0.0026,3.2513,0.2468,0.2092,7.53E-04,0.108,0.3548,0.5073,0.3277,0.0036,0.108,0.6154,0.0026,6.4774,1.1413,0.8355,0.0061,0.108,1.2494,0.2534,0.1851,0.0014,0.1079,0.3613,0.0026,2.8901,0.3203,0.2432,0.0015,0.1079,0.4283,0.2873,0.2155,0.0014,0.108,0.3953,0.0026,3.2513,0.2468,0.2092,7.53E-04,0.108,0.3548,0.2649,0.1872,0.0016,0.108,0.3729,0.0026,3.711,0.5342,0.3418,0.0038,0.108,0.6422
50,0.2512,0.1936,0.0012,0.108,0.3592,0.0025,2.6793,0.454,0.3564,0.002,0.108,0.562,0.5192,0.3752,0.0029,0.1081,0.6273,0.0025,4.6538,0.7884,0.4581,0.0066,0.1081,0.8966,0.4228,0.2982,0.0025,0.1081,0.5309,0.0025,4.4381,0.6603,0.5352,0.0025,0.1081,0.7685,0.3428,0.2631,0.0016,0.108,0.4508,0.0025,4.0741,0.5422,0.4285,0.0023,0.108,0.6501,0.2934,0.2123,0.0016,0.108,0.4014,0.0025,4.2578,0.2534,0.2171,7.26E-04,0.108,0.3614,0.4805,0.3173,0.0033,0.108,0.5886,0.0025,5.2023,1.1575,0.8215,0.0067,0.108,1.2655,0.2683,0.2184,0.000997,0.1079,0.3763,0.0025,3.5135,0.3155,0.2377,0.0016,0.1079,0.4234,0.2934,0.2123,0.0016,0.108,0.4014,0.0025,4.2578,0.2534,0.2171,7.26E-04,0.108,0.3614,0.3353,0.2513,0.0017,0.108,0.4433,0.0025,5.3049,0.5309,0.3369,0.0039,0.108,0.6389
51,0.2088,0.1526,0.0011,0.108,0.3168,0.0024,2.4309,0.455,0.3708,0.0017,0.108,0.5629,0.4556,0.3094,0.0029,0.1081,0.5637,0.0024,5.5767,0.7202,0.3791,0.0068,0.1081,0.8283,0.3681,0.2562,0.0022,0.1081,0.4762,0.0024,6.101,0.7458,0.5867,0.0032,0.1081,0.8539,0.2872,0.2132,0.0015,0.108,0.3951,0.0024,3.224,0.5099,0.4103,0.002,0.108,0.6178,0.3362,0.2471,0.0018,0.108,0.4442,0.0024,3.7978,0.2487,0.2124,7.26E-04,0.108,0.3567,0.4957,0.3211,0.0035,0.108,0.6038,0.0024,5.8114,1.1085,0.7928,0.0063,0.108,1.2166,0.2982,0.2252,0.0015,0.1079,0.4062,0.0024,3.3194,0.3601,0.2537,0.0021,0.1079,0.468,0.3362,0.2471,0.0018,0.108,0.4442,0.0024,3.7978,0.2487,0.2124,7.26E-04,0.108,0.3567,0.3039,0.2134,0.0018,0.108,0.4119,0.0024,3.1448,0.538,0.3491,0.0038,0.108,0.646
52,0.3621,0.2651,0.0019,0.108,0.4701,0.0023,5.8317,0.4744,0.381,0.0019,0.108,0.5824,0.4221,0.2962,0.0025,0.1081,0.5303,0.0023,5.0485,0.6863,0.418,0.0054,0.1081,0.7944,0.4498,0.2968,0.0031,0.1081,0.5579,0.0023,5.2036,0.7904,0.5802,0.0042,0.1081,0.8985,0.2467,0.1802,0.0013,0.108,0.3546,0.0023,2.4835,0.4846,0.3913,0.0019,0.108,0.5926,0.2619,0.1818,0.0016,0.108,0.3699,0.0023,3.0543,0.2732,0.2293,8.78E-04,0.108,0.3812,0.4569,0.2955,0.0032,0.108,0.5649,0.0023,5.0559,1.0668,0.7625,0.0061,0.108,1.1749,0.3309,0.2554,0.0015,0.1079,0.4389,0.0023,2.4713,0.3643,0.2643,0.002,0.1079,0.4723,0.2619,0.1818,0.0016,0.108,0.3699,0.0023,3.0543,0.2732,0.2293,8.78E-04,0.108,0.3812,0.2201,0.1706,9.91E-04,0.108,0.3281,0.0023,2.6799,0.5541,0.3518,0.004,0.108,0.6621
53,0.3225,0.2057,0.0023,0.108,0.4305,0.0023,4.266,0.5088,0.3934,0.0023,0.108,0.6168,0.5667,0.3804,0.0037,0.1081,0.6749,0.0023,6.5002,0.6428,0.4102,0.0047,0.1081,0.7509,0.385,0.2591,0.0025,0.1081,0.4932,0.0023,6.1135,0.652,0.4853,0.0033,0.1081,0.7601,0.2678,0.2104,0.0011,0.108,0.3758,0.0023,3.483,0.4829,0.379,0.0021,0.108,0.5909,0.2707,0.2019,0.0014,0.108,0.3787,0.0023,3.6224,0.2781,0.2357,8.47E-04,0.108,0.386,0.445,0.2908,0.0031,0.108,0.553,0.0023,5.4866,1.0362,0.7244,0.0062,0.108,1.1442,0.3206,0.2575,0.0013,0.1079,0.4286,0.0023,4.6912,0.3397,0.2385,0.002,0.1079,0.4476,0.2707,0.2019,0.0014,0.108,0.3787,0.0023,3.6224,0.2781,0.2357,8.47E-04,0.108,0.386,0.2646,0.1942,0.0014,0.108,0.3726,0.0023,3.7769,0.5656,0.358,0.0042,0.108,0.6736
54,0.2051,0.1568,9.64E-04,0.108,0.313,0.0022,2.0752,0.4699,0.3833,0.0017,0.108,0.5779,0.4974,0.3193,0.0036,0.1081,0.6056,0.0022,4.6942,0.5538,0.3545,0.004,0.1081,0.662,0.327,0.2327,0.0019,0.1081,0.4351,0.0022,5.1319,0.8012,0.5855,0.0043,0.1081,0.9093,0.2737,0.2002,0.0015,0.108,0.3817,0.0022,3.5847,0.4758,0.3762,0.002,0.108,0.5838,0.2728,0.1981,0.0015,0.108,0.3808,0.0022,2.9158,0.2704,0.2278,8.52E-04,0.108,0.3784,0.4858,0.3235,0.0032,0.108,0.5939,0.0022,5.7709,1.0259,0.7264,0.006,0.1081,1.134,0.2746,0.2247,0.000999,0.1079,0.3825,0.0022,3.1469,0.3152,0.23,0.0017,0.1079,0.4231,0.2728,0.1981,0.0015,0.108,0.3808,0.0022,2.9158,0.2704,0.2278,8.52E-04,0.108,0.3784,0.257,0.1975,0.0012,0.108,0.365,0.0022,2.38,0.5656,0.3707,0.0039,0.108,0.6737
55,0.2267,0.1701,0.0011,0.108,0.3347,0.0021,3.228,0.5017,0.4116,0.0018,0.108,0.6097,0.4496,0.3013,0.003,0.1081,0.5577,0.0021,4.4119,0.522,0.338,0.0037,0.1081,0.6302,0.3174,0.22,0.0019,0.1081,0.4255,0.0021,3.5039,0.8945,0.6157,0.0056,0.1081,1.0027,0.2855,0.2177,0.0014,0.108,0.3935,0.0021,2.4173,0.4716,0.3821,0.0018,0.108,0.5796,0.229,0.1736,0.0011,0.108,0.337,0.0021,3.0591,0.2618,0.2247,7.42E-04,0.108,0.3698,0.4588,0.3037,0.0031,0.1081,0.5669,0.0021,6.9865,1.022,0.7052,0.0063,0.1081,1.13,0.2448,0.1905,0.0011,0.1079,0.3527,0.0021,2.6507,0.298,0.2182,0.0016,0.1079,0.4059,0.229,0.1736,0.0011,0.108,0.337,0.0021,3.0591,0.2618,0.2247,7.42E-04,0.108,0.3698,0.2472,0.1694,0.0016,0.108,0.3552,0.0021,2.5221,0.5744,0.3856,0.0038,0.108,0.6824
56,0.2464,0.1979,9.69E-04,0.108,0.3544,0.002,2.7763,0.5072,0.4104,0.0019,0.108,0.6152,0.3651,0.2639,0.002,0.1081,0.4732,0.002,4.2269,0.5177,0.3126,0.0041,0.1081,0.6259,0.3466,0.2373,0.0022,0.1081,0.4547,0.002,4.6814,0.9054,0.6028,0.0061,0.1081,1.0136,0.2532,0.1891,0.0013,0.108,0.3612,0.002,3.0338,0.4928,0.3874,0.0021,0.108,0.6007,0.2585,0.1977,0.0012,0.108,0.3665,0.002,3.7204,0.2705,0.2244,9.22E-04,0.108,0.3785,0.4463,0.2871,0.0032,0.1081,0.5544,0.002,5.3424,1.0012,0.6925,0.0062,0.1081,1.1093,0.3191,0.2329,0.0017,0.1079,0.427,0.002,5.1465,0.2986,0.215,0.0017,0.1079,0.4065,0.2585,0.1977,0.0012,0.108,0.3665,0.002,3.7204,0.2705,0.2244,9.22E-04,0.108,0.3785,0.2466,0.1787,0.0014,0.108,0.3546,0.002,2.3178,0.5702,0.3846,0.0037,0.108,0.6782
57,0.2283,0.1652,0.0013,0.108,0.3363,0.002,3.2007,0.5306,0.4128,0.0024,0.108,0.6386,0.3738,0.2667,0.0021,0.1081,0.4819,0.002,4.3508,0.4946,0.2878,0.0041,0.1081,0.6028,0.4758,0.362,0.0023,0.1081,0.584,0.002,7.8316,0.9353,0.6287,0.0061,0.1081,1.0435,0.2407,0.1798,0.0012,0.108,0.3486,0.002,2.2247,0.4819,0.3843,0.002,0.108,0.5899,0.2511,0.1876,0.0013,0.108,0.3591,0.002,2.4242,0.2923,0.2477,8.91E-04,0.108,0.4003,0.4764,0.3214,0.0031,0.1081,0.5845,0.002,6.0089,1.0619,0.7292,0.0067,0.1081,1.1699,0.2486,0.1859,0.0013,0.1079,0.3565,0.002,2.5833,0.2898,0.2175,0.0014,0.1079,0.3978,0.2511,0.1876,0.0013,0.108,0.3591,0.002,2.4242,0.2923,0.2477,8.91E-04,0.108,0.4003,0.26,0.1937,0.0013,0.108,0.368,0.002,2.6712,0.5856,0.389,0.0039,0.108,0.6936
58,0.2573,0.1794,0.0016,0.108,0.3653,0.0019,3.2416,0.5219,0.4188,0.0021,0.108,0.6299,0.4207,0.3079,0.0023,0.1081,0.5289,0.0019,5.1679,0.4926,0.2697,0.0045,0.1081,0.6007,0.301,0.2174,0.0017,0.1081,0.4092,0.0019,4.9291,0.9666,0.6489,0.0064,0.1081,1.0747,0.2473,0.1951,0.001,0.108,0.3553,0.0019,2.4476,0.4649,0.374,0.0018,0.108,0.5729,0.3157,0.2297,0.0017,0.108,0.4237,0.0019,3.7512,0.2919,0.2467,9.04E-04,0.108,0.3999,0.4403,0.2954,0.0029,0.1081,0.5484,0.0019,5.2807,1.0539,0.7287,0.0065,0.1081,1.162,0.2354,0.1853,0.001,0.1079,0.3434,0.0019,3.0474,0.2784,0.2107,0.0014,0.1079,0.3863,0.3157,0.2297,0.0017,0.108,0.4237,0.0019,3.7512,0.2919,0.2467,9.04E-04,0.108,0.3999,0.3085,0.2153,0.0019,0.108,0.4165,0.0019,4.2298,0.5851,0.3905,0.0039,0.108,0.6931
59,0.2816,0.2202,0.0012,0.108,0.3896,0.0018,3.1623,0.5148,0.419,0.0019,0.108,0.6228,0.347,0.2458,0.002,0.1081,0.4551,0.0018,3.9138,0.4708,0.2534,0.0043,0.1081,0.579,0.4487,0.3429,0.0021,0.1081,0.5568,0.0018,6.6252,1.0102,0.668,0.0068,0.1081,1.1183,0.2664,0.192,0.0015,0.108,0.3744,0.0018,4.0875,0.4567,0.3597,0.0019,0.108,0.5647,0.2797,0.1984,0.0016,0.108,0.3877,0.0018,3.378,0.2772,0.2285,9.73E-04,0.108,0.3852,0.4651,0.297,0.0034,0.1081,0.5732,0.0018,4.9671,0.9855,0.6761,0.0062,0.1081,1.0936,0.3043,0.2053,0.002,0.1079,0.4122,0.0018,3.3405,0.2677,0.1998,0.0014,0.1079,0.3757,0.2797,0.1984,0.0016,0.108,0.3877,0.0018,3.378,0.2772,0.2285,9.73E-04,0.108,0.3852,0.2506,0.2023,9.66E-04,0.108,0.3586,0.0018,3.3504,0.5901,0.3902,0.004,0.108,0.6981
60,0.2834,0.2077,0.0015,0.108,0.3914,0.0017,2.8908,0.5064,0.4086,0.002,0.108,0.6144,0.3686,0.236,0.0027,0.1081,0.4767,0.0017,3.7349,0.4695,0.2782,0.0038,0.1081,0.5776,0.3299,0.2314,0.002,0.1081,0.438,0.0017,5.3474,1.0277,0.6735,0.0071,0.1081,1.1358,0.2701,0.2169,0.0011,0.108,0.3781,0.0017,2.8809,0.4538,0.3552,0.002,0.108,0.5618,0.2429,0.1818,0.0012,0.108,0.3509,0.0017,3.6265,0.2787,0.2211,0.0012,0.108,0.3867,0.4432,0.2796,0.0033,0.1081,0.5512,0.0017,5.7232,0.9537,0.6426,0.0062,0.1081,1.0617,0.2514,0.1909,0.0012,0.1079,0.3593,0.0017,2.403,0.2687,0.1932,0.0015,0.1079,0.3767,0.2429,0.1818,0.0012,0.108,0.3509,0.0017,3.6265,0.2787,0.2211,0.0012,0.108,0.3867,0.2131,0.1569,0.0011,0.108,0.3212,0.0017,3.244,0.6038,0.4045,0.004,0.108,0.7118
61,0.2512,0.1852,0.0013,0.108,0.3592,0.0016,2.3483,0.5033,0.3978,0.0021,0.108,0.6113,0.3974,0.2928,0.0021,0.1081,0.5056,0.0016,4.126,0.5096,0.3054,0.0041,0.1081,0.6178,0.3335,0.2425,0.0018,0.1082,0.4417,0.0016,3.7672,1.0126,0.6798,0.0067,0.1082,1.1207,0.2728,0.208,0.0013,0.108,0.3807,0.0016,3.7199,0.4539,0.356,0.002,0.108,0.5619,0.2894,0.2118,0.0016,0.108,0.3974,0.0016,3.7418,0.2695,0.2226,9.38E-04,0.108,0.3775,0.3546,0.2483,0.0021,0.1081,0.4627,0.0016,3.7707,0.964,0.6439,0.0064,0.1081,1.072,0.2757,0.2139,0.0012,0.1079,0.3836,0.0016,2.6887,0.264,0.192,0.0014,0.1079,0.3719,0.2894,0.2118,0.0016,0.108,0.3974,0.0016,3.7418,0.2695,0.2226,9.38E-04,0.108,0.3775,0.2221,0.1713,0.001,0.108,0.3301,0.0016,2.8527,0.598,0.407,0.0038,0.108,0.7061
62,0.225,0.1627,0.0012,0.108,0.333,0.0016,3.0841,0.4822,0.3859,0.0019,0.108,0.5902,0.4023,0.2642,0.0028,0.1081,0.5105,0.0016,4.8065,0.5111,0.3192,0.0038,0.1081,0.6192,0.338,0.2398,0.002,0.1082,0.4461,0.0016,5.3224,0.9686,0.6573,0.0062,0.1082,1.0767,0.2107,0.1622,9.70E-04,0.108,0.3187,0.0016,2.2593,0.46,0.3683,0.0018,0.108,0.568,0.3492,0.2609,0.0018,0.108,0.4572,0.0016,5.5328,0.2556,0.2089,9.35E-04,0.108,0.3636,0.4133,0.2584,0.0031,0.1081,0.5214,0.0016,4.2628,0.9871,0.6606,0.0065,0.1081,1.0952,0.2436,0.1978,0.000915,0.1079,0.3516,0.0016,4.068,0.2692,0.1937,0.0015,0.1079,0.3771,0.3492,0.2609,0.0018,0.108,0.4572,0.0016,5.5328,0.2556,0.2089,9.35E-04,0.108,0.3636,0.2388,0.1789,0.0012,0.108,0.3468,0.0016,2.0625,0.5967,0.4049,0.0038,0.108,0.7047
63,0.2135,0.1626,0.001,0.108,0.3215,0.0015,2.1948,0.461,0.3693,0.0018,0.108,0.569,0.497,0.3544,0.0029,0.1081,0.6051,0.0015,4.3788,0.5086,0.3069,0.004,0.1081,0.6167,0.3563,0.2495,0.0021,0.1082,0.4645,0.0015,3.2537,0.9276,0.6498,0.0056,0.1082,1.0357,0.2507,0.1885,0.0012,0.108,0.3587,0.0015,3.2152,0.4539,0.369,0.0017,0.108,0.5619,0.2634,0.201,0.0012,0.108,0.3714,0.0015,3.4762,0.2399,0.1928,9.42E-04,0.108,0.3479,0.4063,0.2551,0.003,0.1081,0.5144,0.0015,4.6727,0.9985,0.6638,0.0067,0.1081,1.1066,0.2551,0.2049,0.001,0.1079,0.363,0.0015,4.1943,0.266,0.192,0.0015,0.1079,0.3739,0.2634,0.201,0.0012,0.108,0.3714,0.0015,3.4762,0.2399,0.1928,9.42E-04,0.108,0.3479,0.2576,0.1998,0.0012,0.108,0.3656,0.0015,3.2943,0.5898,0.3971,0.0039,0.108,0.6978
64,0.2435,0.1758,0.0014,0.108,0.3515,0.0014,3.496,0.4513,0.3584,0.0019,0.108,0.5593,0.4371,0.3217,0.0023,0.1081,0.5453,0.0014,6.7419,0.514,0.3149,0.004,0.1081,0.6221,0.3022,0.2032,0.002,0.1082,0.4104,0.0014,3.3874,0.8648,0.622,0.0049,0.1082,0.9729,0.3273,0.2468,0.0016,0.108,0.4353,0.0014,4.0852,0.4668,0.3854,0.0016,0.108,0.5748,0.2392,0.1851,0.0011,0.108,0.3472,0.0014,2.9104,0.2477,0.1995,9.65E-04,0.108,0.3557,0.3918,0.2536,0.0028,0.1081,0.4998,0.0014,5.0759,0.9931,0.6654,0.0066,0.1081,1.1012,0.2571,0.2036,0.0011,0.1079,0.3651,0.0014,2.5357,0.282,0.1927,0.0018,0.1079,0.39,0.2392,0.1851,0.0011,0.108,0.3472,0.0014,2.9104,0.2477,0.1995,9.65E-04,0.108,0.3557,0.2144,0.1631,0.001,0.108,0.3224,0.0014,2.5628,0.5616,0.3843,0.0035,0.108,0.6696
65,0.2073,0.1631,8.83E-04,0.108,0.3153,0.0014,2.4858,0.4426,0.3497,0.0019,0.108,0.5506,0.4023,0.2585,0.0029,0.1081,0.5105,0.0014,5.1488,0.5173,0.2944,0.0045,0.1081,0.6255,0.2692,0.192,0.0015,0.1082,0.3774,0.0014,3.7305,0.8095,0.598,0.0042,0.1082,0.9177,0.2895,0.2299,0.0012,0.108,0.3975,0.0014,3.5996,0.4932,0.3997,0.0019,0.108,0.6011,0.2271,0.1661,0.0012,0.108,0.3351,0.0014,2.4177,0.2422,0.1969,9.06E-04,0.108,0.3502,0.4461,0.27,0.0035,0.1081,0.5542,0.0014,5.6948,0.9802,0.6626,0.0064,0.1081,1.0882,0.2908,0.234,0.0011,0.1079,0.3987,0.0014,5.2489,0.2994,0.1976,0.002,0.1079,0.4073,0.2271,0.1661,0.0012,0.108,0.3351,0.0014,2.4177,0.2422,0.1969,9.06E-04,0.108,0.3502,0.1906,0.143,9.53E-04,0.108,0.2986,0.0014,2.8441,0.545,0.3769,0.0034,0.108,0.653
66,0.2014,0.151,0.001,0.108,0.3094,0.0013,1.7446,0.4227,0.3355,0.0017,0.108,0.5307,0.3458,0.2309,0.0023,0.1081,0.4539,0.0013,4.4347,0.4972,0.2832,0.0043,0.1081,0.6053,0.3474,0.2536,0.0019,0.1082,0.4556,0.0013,6.4466,0.7453,0.5574,0.0038,0.1082,0.8535,0.2086,0.1534,0.0011,0.108,0.3165,0.0013,3.0921,0.51,0.4061,0.0021,0.108,0.618,0.2182,0.1635,0.0011,0.108,0.3262,0.0013,2.2003,0.2391,0.1988,8.06E-04,0.108,0.3471,0.3691,0.2751,0.0019,0.1081,0.4771,0.0013,4.653,0.9914,0.6665,0.0065,0.1081,1.0994,0.244,0.1927,0.001,0.1079,0.3519,0.0013,2.2835,0.3005,0.2007,0.002,0.1079,0.4085,0.2182,0.1635,0.0011,0.108,0.3262,0.0013,2.2003,0.2391,0.1988,8.06E-04,0.108,0.3471,0.2331,0.1813,0.001,0.108,0.3411,0.0013,2.3269,0.5519,0.3822,0.0034,0.108,0.6599
67,0.1894,0.1398,9.93E-04,0.108,0.2974,0.0012,2.0521,0.4021,0.3166,0.0017,0.108,0.5101,0.313,0.2271,0.0017,0.1081,0.4212,0.0012,3.2872,0.7307,0.4734,0.0051,0.1081,0.8389,0.3206,0.2251,0.0019,0.1082,0.4288,0.0012,4.1326,0.5699,0.4006,0.0034,0.1082,0.678,0.2746,0.2057,0.0014,0.108,0.3825,0.0012,3.7348,0.5209,0.4185,0.002,0.108,0.6289,0.2305,0.177,0.0011,0.108,0.3385,0.0012,2.3882,0.2238,0.1855,7.66E-04,0.108,0.3318,0.3506,0.2402,0.0022,0.1081,0.4586,0.0012,3.9695,1.0329,0.694,0.0068,0.1081,1.1409,0.2839,0.2137,0.0014,0.1079,0.3919,0.0012,2.8551,0.2973,0.2056,0.0018,0.1079,0.4052,0.2305,0.177,0.0011,0.108,0.3385,0.0012,2.3882,0.2238,0.1855,7.66E-04,0.108,0.3318,0.2527,0.1962,0.0011,0.108,0.3607,0.0012,3.1474,0.5438,0.3749,0.0034,0.108,0.6518
68,0.1923,0.1505,8.35E-04,0.108,0.3003,0.0012,1.8907,0.3908,0.3036,0.0017,0.108,0.4988,0.3238,0.2158,0.0022,0.1081,0.4319,0.0012,4.5551,0.4542,0.2724,0.0036,0.1081,0.5624,0.3402,0.24,0.002,0.1082,0.4483,0.0012,3.6574,0.4849,0.3248,0.0032,0.1082,0.5931,0.3422,0.2614,0.0016,0.108,0.4502,0.0012,5.1576,0.5224,0.4253,0.0019,0.108,0.6303,0.25,0.1888,0.0012,0.108,0.358,0.0012,2.9908,0.2201,0.1817,7.66E-04,0.108,0.3281,0.3612,0.2464,0.0023,0.1081,0.4693,0.0012,4.6961,1.0447,0.7024,0.0068,0.1081,1.1528,0.1937,0.1578,0.000718,0.1079,0.3017,0.0012,2.0381,0.2886,0.2045,0.0017,0.1079,0.3965,0.25,0.1888,0.0012,0.108,0.358,0.0012,2.9908,0.2201,0.1817,7.66E-04,0.108,0.3281,0.2241,0.1681,0.0011,0.108,0.3321,0.0012,2.0573,0.5599,0.3921,0.0034,0.108,0.668
69,0.2344,0.1695,0.0013,0.108,0.3424,0.0011,3.2673,0.3833,0.3002,0.0017,0.108,0.4913,0.3885,0.2521,0.0027,0.1081,0.4967,0.0011,4.1263,0.4793,0.3223,0.0031,0.1081,0.5875,0.3197,0.2362,0.0017,0.1082,0.4279,0.0011,5.7814,0.4504,0.2888,0.0032,0.1082,0.5585,0.2402,0.1903,9.98E-04,0.108,0.3482,0.0011,3.4285,0.5232,0.428,0.0019,0.108,0.6312,0.2191,0.1759,8.65E-04,0.108,0.3271,0.0011,3.2209,0.2169,0.1793,7.50E-04,0.108,0.3249,0.3809,0.2623,0.0024,0.1081,0.489,0.0011,5.1108,1.0392,0.7013,0.0068,0.1081,1.1473,0.2334,0.1728,0.0012,0.1079,0.3413,0.0011,3.7124,0.322,0.2315,0.0018,0.1079,0.4299,0.2191,0.1759,8.65E-04,0.108,0.3271,0.0011,3.2209,0.2169,0.1793,7.50E-04,0.108,0.3249,0.2408,0.1897,0.001,0.108,0.3489,0.0011,3.0483,0.5667,0.3994,0.0033,0.108,0.6747
70,0.2915,0.2182,0.0015,0.108,0.3995,0.001,3.4275,0.3729,0.2903,0.0017,0.108,0.4809,0.3479,0.2417,0.0021,0.1081,0.456,0.001,3.2521,0.4507,0.2942,0.0031,0.1081,0.5589,0.2479,0.1927,0.0011,0.1082,0.356,0.001,3.2778,0.4115,0.268,0.0029,0.1082,0.5197,0.2938,0.2112,0.0017,0.108,0.4018,0.001,4.0124,0.5253,0.4293,0.0019,0.108,0.6332,0.2352,0.1875,9.54E-04,0.108,0.3432,0.001,3.0787,0.218,0.1812,7.37E-04,0.108,0.326,0.3405,0.2177,0.0025,0.1081,0.4486,0.001,4.1652,1.0305,0.6941,0.0067,0.1081,1.1385,0.2535,0.1956,0.0012,0.1079,0.3615,0.001,3.2302,0.3429,0.2485,0.0019,0.1079,0.4508,0.2352,0.1875,9.54E-04,0.108,0.3432,0.001,3.0787,0.218,0.1812,7.37E-04,0.108,0.326,0.2069,0.1629,8.80E-04,0.108,0.3149,0.001,2.1529,0.5645,0.3975,0.0033,0.108,0.6726
71,0.3042,0.2178,0.0017,0.108,0.4122,9.56E-04,4.1085,0.3705,0.2955,0.0015,0.108,0.4785,0.2776,0.2005,0.0015,0.1081,0.3857,9.56E-04,3.3621,0.4442,0.2865,0.0032,0.1081,0.5523,0.309,0.2299,0.0016,0.1082,0.4171,9.56E-04,5.4534,0.4301,0.2892,0.0028,0.1082,0.5382,0.2455,0.1805,0.0013,0.108,0.3535,9.56E-04,3.4578,0.5177,0.4223,0.0019,0.108,0.6257,0.2144,0.1679,9.29E-04,0.108,0.3224,9.56E-04,3.1376,0.2206,0.1836,7.39E-04,0.108,0.3286,0.3669,0.2509,0.0023,0.1081,0.4749,9.56E-04,4.7614,1.0349,0.6977,0.0067,0.1081,1.143,0.2527,0.2029,0.000997,0.1079,0.3607,0.000956,2.7249,0.3269,0.2344,0.0019,0.1079,0.4349,0.2144,0.1679,9.29E-04,0.108,0.3224,9.56E-04,3.1376,0.2206,0.1836,7.39E-04,0.108,0.3286,0.1807,0.1402,8.11E-04,0.108,0.2887,9.56E-04,1.9974,0.5652,0.3958,0.0034,0.108,0.6732
72,0.2451,0.1845,0.0012,0.108,0.3531,8.95E-04,4.5649,0.358,0.2859,0.0014,0.108,0.466,0.3574,0.2545,0.0021,0.1081,0.4656,8.95E-04,5.4837,0.4648,0.2936,0.0034,0.1081,0.573,0.2822,0.2097,0.0015,0.1082,0.3904,8.95E-04,4.0142,0.4234,0.2825,0.0028,0.1082,0.5315,0.2115,0.1612,0.001,0.108,0.3194,8.95E-04,2.183,0.5023,0.411,0.0018,0.108,0.6103,0.2107,0.1617,9.79E-04,0.108,0.3187,8.95E-04,2.6424,0.2191,0.1843,6.95E-04,0.108,0.3271,0.415,0.2768,0.0028,0.1081,0.5231,8.95E-04,5.4153,1.0462,0.7049,0.0068,0.1081,1.1543,0.2172,0.1718,0.000909,0.1079,0.3252,0.000895,3.3404,0.3426,0.2502,0.0018,0.1079,0.4506,0.2107,0.1617,9.79E-04,0.108,0.3187,8.95E-04,2.6424,0.2191,0.1843,6.95E-04,0.108,0.3271,0.2503,0.1719,0.0016,0.108,0.3583,8.95E-04,2.2294,0.568,0.3963,0.0034,0.108,0.676
73,0.245,0.1724,0.0015,0.108,0.353,8.35E-04,4.0668,0.3414,0.2726,0.0014,0.108,0.4494,0.3608,0.2359,0.0025,0.1081,0.469,8.35E-04,4.7265,0.4961,0.3118,0.0037,0.1081,0.6043,0.2741,0.2085,0.0013,0.1082,0.3823,8.35E-04,4.6535,0.4154,0.2734,0.0028,0.1082,0.5235,0.2607,0.2117,9.80E-04,0.108,0.3687,8.35E-04,3.4185,0.4945,0.4063,0.0018,0.108,0.6025,0.2085,0.1591,9.87E-04,0.108,0.3165,8.35E-04,3.5937,0.2129,0.1788,6.81E-04,0.108,0.3209,0.4135,0.2645,0.003,0.1081,0.5215,8.35E-04,3.7149,1.0532,0.7069,0.0069,0.1081,1.1613,0.2045,0.1619,0.000852,0.1079,0.3124,0.000835,2.7046,0.347,0.2554,0.0018,0.1079,0.455,0.2085,0.1591,9.87E-04,0.108,0.3165,8.35E-04,3.5937,0.2129,0.1788,6.81E-04,0.108,0.3209,0.2379,0.1797,0.0012,0.108,0.3459,8.35E-04,4.5586,0.5654,0.3943,0.0034,0.108,0.6734
74,0.2372,0.173,0.0013,0.108,0.3452,7.76E-04,3.3005,0.3273,0.2569,0.0014,0.108,0.4353,0.4339,0.2895,0.0029,0.1081,0.542,7.76E-04,5.4615,0.499,0.3182,0.0036,0.1081,0.6072,0.2932,0.2105,0.0017,0.1082,0.4014,7.76E-04,2.9944,0.4107,0.2669,0.0029,0.1082,0.5188,0.2678,0.2035,0.0013,0.108,0.3758,7.76E-04,3.7901,0.4861,0.3994,0.0017,0.108,0.5941,0.1916,0.1431,9.71E-04,0.108,0.2996,7.76E-04,2.6715,0.2122,0.1785,6.74E-04,0.108,0.3202,0.3386,0.2381,0.002,0.1081,0.4467,7.76E-04,4.1901,1.0454,0.7003,0.0069,0.1081,1.1534,0.2274,0.1842,0.000864,0.1079,0.3353,0.000776,2.408,0.3421,0.2496,0.0018,0.1079,0.45,0.1916,0.1431,9.71E-04,0.108,0.2996,7.76E-04,2.6715,0.2122,0.1785,6.74E-04,0.108,0.3202,0.2111,0.1596,0.001,0.108,0.3191,7.76E-04,1.929,0.5474,0.3838,0.0033,0.108,0.6554
75,0.1909,0.1412,9.94E-04,0.108,0.2989,7.20E-04,1.8962,0.3291,0.2548,0.0015,0.108,0.4371,0.3548,0.2356,0.0024,0.1081,0.463,7.20E-04,4.5138,0.5026,0.3222,0.0036,0.1081,0.6108,0.248,0.1807,0.0013,0.1082,0.3562,7.20E-04,3.3362,0.4183,0.271,0.0029,0.1082,0.5265,0.2391,0.193,9.21E-04,0.108,0.347,7.20E-04,4.5544,0.4703,0.3855,0.0017,0.108,0.5783,0.3232,0.2141,0.0022,0.108,0.4312,7.20E-04,3.7387,0.2039,0.1723,6.31E-04,0.108,0.3119,0.3666,0.24,0.0025,0.1081,0.4747,7.20E-04,3.7957,1.0319,0.6965,0.0067,0.1081,1.14,0.2288,0.1833,0.00091,0.1079,0.3367,0.00072,2.2242,0.3355,0.2408,0.0019,0.1079,0.4434,0.3232,0.2141,0.0022,0.108,0.4312,7.20E-04,3.7387,0.2039,0.1723,6.31E-04,0.108,0.3119,0.2154,0.1559,0.0012,0.108,0.3234,7.20E-04,2.6487,0.5337,0.3749,0.0032,0.108,0.6417
76,0.1808,0.1416,7.84E-04,0.108,0.2888,6.65E-04,2.068,0.3355,0.2595,0.0015,0.108,0.4435,0.3714,0.2667,0.0021,0.1081,0.4796,6.65E-04,5.427,0.5311,0.3285,0.0041,0.1081,0.6392,0.2927,0.2074,0.0017,0.1082,0.4008,6.65E-04,4.3174,0.4462,0.2854,0.0032,0.1082,0.5543,0.2281,0.1754,0.0011,0.108,0.3361,6.65E-04,2.5183,0.472,0.3852,0.0017,0.108,0.58,0.2577,0.2074,0.001,0.108,0.3657,6.65E-04,4.3694,0.2073,0.174,6.68E-04,0.108,0.3153,0.3878,0.2759,0.0022,0.1081,0.4959,6.65E-04,4.4337,1.0207,0.6988,0.0064,0.1081,1.1288,0.1999,0.1545,0.000908,0.1079,0.3078,0.000665,2.1562,0.329,0.236,0.0019,0.1079,0.437,0.2577,0.2074,0.001,0.108,0.3657,6.65E-04,4.3694,0.2073,0.174,6.68E-04,0.108,0.3153,0.2167,0.1606,0.0011,0.108,0.3248,6.65E-04,3.1162,0.5195,0.3658,0.0031,0.108,0.6275
77,0.223,0.1743,9.75E-04,0.108,0.331,6.12E-04,4.1066,0.3463,0.2686,0.0016,0.108,0.4543,0.3788,0.2718,0.0021,0.1081,0.4869,6.12E-04,5.2226,0.5366,0.3337,0.0041,0.1081,0.6448,0.2331,0.1797,0.0011,0.1082,0.3412,6.12E-04,2.5285,0.4581,0.2938,0.0033,0.1082,0.5662,0.248,0.1871,0.0012,0.108,0.3559,6.12E-04,3.732,0.479,0.3902,0.0018,0.108,0.5869,0.2441,0.1934,0.001,0.108,0.3521,6.12E-04,3.0538,0.2072,0.1744,6.57E-04,0.108,0.3152,0.4208,0.2904,0.0026,0.1081,0.5289,6.12E-04,4.3287,1.0201,0.6979,0.0064,0.1081,1.1282,0.3061,0.237,0.0014,0.1079,0.4141,0.000612,4.4649,0.3191,0.2266,0.0018,0.1079,0.4271,0.2441,0.1934,0.001,0.108,0.3521,6.12E-04,3.0538,0.2072,0.1744,6.57E-04,0.108,0.3152,0.1862,0.1451,8.23E-04,0.108,0.2942,6.12E-04,1.8474,0.5047,0.3558,0.003,0.108,0.6127
78,0.2121,0.1662,9.19E-04,0.108,0.3201,5.61E-04,2.86,0.3692,0.2892,0.0016,0.108,0.4772,0.3756,0.2501,0.0025,0.1081,0.4837,5.61E-04,4.7314,0.5313,0.3296,0.004,0.1081,0.6394,0.2593,0.1806,0.0016,0.1082,0.3675,5.61E-04,3.2629,0.451,0.2923,0.0032,0.1082,0.5592,0.2033,0.1566,9.32E-04,0.108,0.3112,5.61E-04,2.3509,0.4791,0.3907,0.0018,0.108,0.5871,0.2052,0.1667,7.70E-04,0.108,0.3132,5.61E-04,2.3951,0.2044,0.1744,5.98E-04,0.108,0.3124,0.3784,0.2556,0.0025,0.1081,0.4865,5.61E-04,4.4098,1.0134,0.695,0.0064,0.1081,1.1215,0.2125,0.1613,0.001,0.1079,0.3204,0.000561,2.6644,0.3077,0.2181,0.0018,0.1079,0.4157,0.2052,0.1667,7.70E-04,0.108,0.3132,5.61E-04,2.3951,0.2044,0.1744,5.98E-04,0.108,0.3124,0.2005,0.1497,0.001,0.108,0.3086,5.61E-04,3.4707,0.4942,0.3487,0.0029,0.108,0.6022
79,0.2841,0.2288,0.0011,0.108,0.3921,5.12E-04,3.6404,0.369,0.2898,0.0016,0.108,0.477,0.5024,0.3504,0.003,0.1081,0.6105,5.12E-04,5.9712,0.5382,0.3394,0.004,0.1081,0.6464,0.2856,0.2164,0.0014,0.1082,0.3938,5.12E-04,4.8758,0.4422,0.2869,0.0031,0.1082,0.5504,0.2396,0.1882,0.001,0.108,0.3476,5.12E-04,2.7498,0.4771,0.39,0.0017,0.108,0.5851,0.2477,0.1841,0.0013,0.108,0.3557,5.12E-04,3.1808,0.2032,0.1751,5.63E-04,0.108,0.3112,0.3355,0.2226,0.0023,0.1081,0.4436,5.12E-04,5.0994,1.0164,0.6971,0.0064,0.1081,1.1245,0.1958,0.1523,0.00087,0.1079,0.3038,0.000512,2.3248,0.3006,0.2138,0.0017,0.1079,0.4085,0.2477,0.1841,0.0013,0.108,0.3557,5.12E-04,3.1808,0.2032,0.1751,5.63E-04,0.108,0.3112,0.189,0.142,9.41E-04,0.108,0.297,5.12E-04,1.9575,0.4863,0.3454,0.0028,0.108,0.5943
80,0.2142,0.1735,8.14E-04,0.108,0.3222,4.65E-04,2.2957,0.3654,0.2882,0.0015,0.108,0.4734,0.2999,0.2093,0.0018,0.1081,0.4081,4.65E-04,2.8655,0.5578,0.348,0.0042,0.1081,0.6659,0.2916,0.2199,0.0014,0.1082,0.3998,4.65E-04,5.4349,0.4491,0.2893,0.0032,0.1082,0.5572,0.2277,0.1804,9.47E-04,0.108,0.3357,4.65E-04,2.2387,0.4796,0.3914,0.0018,0.108,0.5875,0.271,0.2043,0.0013,0.108,0.379,4.65E-04,4.4045,0.2075,0.1786,5.79E-04,0.108,0.3155,0.3348,0.238,0.0019,0.1081,0.4429,4.65E-04,4.8393,1.0293,0.7046,0.0065,0.1081,1.1374,0.3235,0.2398,0.0017,0.1079,0.4314,0.000465,4.1793,0.2952,0.2093,0.0017,0.1079,0.4031,0.271,0.2043,0.0013,0.108,0.379,4.65E-04,4.4045,0.2075,0.1786,5.79E-04,0.108,0.3155,0.1631,0.1306,6.49E-04,0.108,0.2711,4.65E-04,1.6112,0.4833,0.3441,0.0028,0.108,0.5913
81,0.2015,0.1469,0.0011,0.108,0.3095,4.20E-04,2.0982,0.357,0.2815,0.0015,0.108,0.465,0.3287,0.2391,0.0018,0.1081,0.4368,4.20E-04,5.915,0.5595,0.3497,0.0042,0.1081,0.6677,0.2919,0.2065,0.0017,0.1082,0.4001,4.20E-04,4.0156,0.4526,0.2926,0.0032,0.1082,0.5607,0.2562,0.1974,0.0012,0.108,0.3642,4.20E-04,2.8067,0.4856,0.3962,0.0018,0.108,0.5935,0.2597,0.2003,0.0012,0.108,0.3677,4.20E-04,2.8362,0.2159,0.1845,6.29E-04,0.108,0.3239,0.3525,0.2294,0.0025,0.1081,0.4606,4.20E-04,4.3736,1.0345,0.7072,0.0065,0.1081,1.1426,0.1917,0.1527,0.00078,0.1079,0.2996,0.00042,2.2703,0.2996,0.2117,0.0018,0.1079,0.4075,0.2597,0.2003,0.0012,0.108,0.3677,4.20E-04,2.8362,0.2159,0.1845,6.29E-04,0.108,0.3239,0.2058,0.1634,8.48E-04,0.108,0.3138,4.20E-04,2.328,0.4753,0.3391,0.0027,0.108,0.5833
82,0.2529,0.1865,0.0013,0.108,0.3609,3.77E-04,3.1931,0.3508,0.2753,0.0015,0.108,0.4588,0.3645,0.2434,0.0024,0.1081,0.4727,3.77E-04,6.3888,0.5493,0.3495,0.004,0.1081,0.6575,0.3428,0.2401,0.0021,0.1082,0.451,3.77E-04,5.7295,0.4558,0.2907,0.0033,0.1082,0.5639,0.2043,0.1662,7.63E-04,0.108,0.3123,3.77E-04,3.1184,0.4924,0.4011,0.0018,0.108,0.6003,0.2637,0.2028,0.0012,0.108,0.3717,3.77E-04,3.9588,0.2239,0.1891,6.97E-04,0.108,0.3319,0.3651,0.2416,0.0025,0.1081,0.4731,3.77E-04,5.3446,1.0415,0.714,0.0065,0.1081,1.1496,0.2736,0.2089,0.0013,0.1079,0.3816,0.000377,3.6803,0.2988,0.2108,0.0018,0.1079,0.4067,0.2637,0.2028,0.0012,0.108,0.3717,3.77E-04,3.9588,0.2239,0.1891,6.97E-04,0.108,0.3319,0.2141,0.1645,9.91E-04,0.108,0.3221,3.77E-04,3.1808,0.4691,0.3356,0.0027,0.108,0.5771
83,0.1989,0.154,8.97E-04,0.108,0.3069,3.36E-04,2.1679,0.3486,0.2719,0.0015,0.108,0.4566,0.2761,0.1993,0.0015,0.1081,0.3842,3.36E-04,4.26,0.538,0.3411,0.0039,0.1081,0.6462,0.2692,0.2001,0.0014,0.1082,0.3774,3.36E-04,4.208,0.4437,0.2771,0.0033,0.1082,0.5518,0.1987,0.1602,7.71E-04,0.108,0.3067,3.36E-04,2.42,0.4942,0.4025,0.0018,0.108,0.6021,0.1994,0.1598,7.91E-04,0.108,0.3074,3.36E-04,1.7235,0.2278,0.1911,7.33E-04,0.108,0.3358,0.4163,0.2705,0.0029,0.1081,0.5244,3.36E-04,6.9044,1.0418,0.7169,0.0065,0.1081,1.1499,0.2272,0.1888,0.000767,0.1079,0.3351,0.000336,2.0915,0.301,0.2125,0.0018,0.1079,0.409,0.1994,0.1598,7.91E-04,0.108,0.3074,3.36E-04,1.7235,0.2278,0.1911,7.33E-04,0.108,0.3358,0.2465,0.2017,8.96E-04,0.108,0.3545,3.36E-04,4.0957,0.4623,0.3308,0.0026,0.108,0.5703
84,0.169,0.1404,5.72E-04,0.108,0.277,2.97E-04,1.5963,0.3449,0.2681,0.0015,0.108,0.4529,0.3616,0.2507,0.0022,0.1081,0.4698,2.97E-04,6.2681,0.5444,0.3504,0.0039,0.1081,0.6526,0.2807,0.2032,0.0016,0.1082,0.3889,2.97E-04,3.9159,0.4326,0.2669,0.0033,0.1082,0.5408,0.2703,0.2055,0.0013,0.108,0.3783,2.97E-04,3.5566,0.4956,0.4031,0.0018,0.108,0.6036,0.2385,0.1713,0.0013,0.108,0.3465,2.97E-04,2.5211,0.2274,0.1911,7.24E-04,0.108,0.3354,0.3789,0.2571,0.0024,0.1081,0.487,2.97E-04,5.9848,1.0402,0.7182,0.0064,0.1081,1.1482,0.261,0.2072,0.0011,0.1079,0.369,0.000297,2.9977,0.2985,0.2095,0.0018,0.1079,0.4065,0.2385,0.1713,0.0013,0.108,0.3465,2.97E-04,2.5211,0.2274,0.1911,7.24E-04,0.108,0.3354,0.2293,0.1858,8.69E-04,0.108,0.3373,2.97E-04,2.3779,0.457,0.3283,0.0026,0.108,0.565
85,0.1833,0.1437,7.92E-04,0.108,0.2913,2.61E-04,1.831,0.3421,0.2649,0.0015,0.108,0.4501,0.3297,0.2365,0.0019,0.1081,0.4379,2.61E-04,3.8838,0.5447,0.352,0.0039,0.1081,0.6529,0.3382,0.2422,0.0019,0.1082,0.4464,2.61E-04,4.6594,0.4215,0.2606,0.0032,0.1082,0.5296,0.1956,0.1582,7.49E-04,0.108,0.3036,2.61E-04,3.4516,0.5032,0.408,0.0019,0.108,0.6111,0.2006,0.15,0.001,0.108,0.3086,2.61E-04,2.3507,0.2257,0.1918,6.79E-04,0.108,0.3337,0.3432,0.2323,0.0022,0.1081,0.4513,2.61E-04,4.1771,1.0374,0.7151,0.0064,0.1081,1.1455,0.1992,0.1656,0.000673,0.1079,0.3071,0.000261,2.1541,0.298,0.2109,0.0017,0.1079,0.4059,0.2006,0.15,0.001,0.108,0.3086,2.61E-04,2.3507,0.2257,0.1918,6.79E-04,0.108,0.3337,0.193,0.151,8.40E-04,0.108,0.301,2.61E-04,2.1305,0.4533,0.3254,0.0026,0.108,0.5614
86,0.2556,0.1852,0.0014,0.108,0.3636,2.27E-04,2.7767,0.3414,0.2635,0.0016,0.108,0.4494,0.3095,0.2407,0.0014,0.1081,0.4176,2.27E-04,3.8577,0.5588,0.3644,0.0039,0.1081,0.667,0.3078,0.2184,0.0018,0.1082,0.4159,2.27E-04,5.5936,0.4267,0.2667,0.0032,0.1082,0.5349,0.2458,0.1924,0.0011,0.108,0.3538,2.27E-04,2.8274,0.5069,0.4101,0.0019,0.108,0.6149,0.2012,0.1648,7.27E-04,0.108,0.3092,2.27E-04,2.2933,0.2236,0.1907,6.58E-04,0.108,0.3316,0.3764,0.2479,0.0026,0.1081,0.4844,2.27E-04,4.8426,1.0453,0.7206,0.0065,0.1081,1.1534,0.2143,0.1688,0.00091,0.1079,0.3223,0.000227,3.3168,0.2956,0.209,0.0017,0.1079,0.4036,0.2012,0.1648,7.27E-04,0.108,0.3092,2.27E-04,2.2933,0.2236,0.1907,6.58E-04,0.108,0.3316,0.2065,0.1564,0.001,0.108,0.3145,2.27E-04,2.8604,0.449,0.3222,0.0025,0.108,0.557
87,0.1859,0.1492,7.33E-04,0.108,0.2939,1.95E-04,1.7314,0.341,0.2623,0.0016,0.108,0.449,0.3143,0.2345,0.0016,0.1081,0.4225,1.95E-04,3.7929,0.5649,0.37,0.0039,0.1081,0.6731,0.2387,0.1811,0.0012,0.1082,0.3468,1.95E-04,2.8588,0.436,0.2748,0.0032,0.1082,0.5441,0.2172,0.1711,9.24E-04,0.108,0.3252,1.95E-04,2.6196,0.5134,0.4142,0.002,0.108,0.6214,0.2283,0.1696,0.0012,0.108,0.3363,1.95E-04,2.589,0.2222,0.1897,6.49E-04,0.108,0.3302,0.2949,0.2113,0.0017,0.1081,0.4029,1.95E-04,3.586,1.053,0.7256,0.0065,0.1081,1.1611,0.2595,0.2053,0.0011,0.1079,0.3675,0.000195,2.7514,0.2923,0.2069,0.0017,0.1079,0.4002,0.2283,0.1696,0.0012,0.108,0.3363,1.95E-04,2.589,0.2222,0.1897,6.49E-04,0.108,0.3302,0.2182,0.1745,8.74E-04,0.108,0.3262,1.95E-04,2.302,0.448,0.322,0.0025,0.108,0.556
88,0.1989,0.1482,0.001,0.108,0.3069,1.65E-04,2.5891,0.3363,0.258,0.0016,0.108,0.4443,0.3874,0.266,0.0024,0.1081,0.4956,1.65E-04,4.6596,0.5767,0.3833,0.0039,0.1081,0.6848,0.3355,0.2505,0.0017,0.1082,0.4436,1.65E-04,4.8558,0.4493,0.2845,0.0033,0.1082,0.5574,0.2134,0.1623,0.001,0.108,0.3214,1.65E-04,2.2852,0.5117,0.412,0.002,0.108,0.6197,0.2096,0.1662,8.68E-04,0.108,0.3176,1.65E-04,2.3557,0.2207,0.1879,6.57E-04,0.108,0.3287,0.3836,0.2532,0.0026,0.1081,0.4917,1.65E-04,4.152,1.0578,0.7306,0.0065,0.1081,1.1659,0.2528,0.198,0.0011,0.1079,0.3607,0.000165,2.9486,0.2908,0.2054,0.0017,0.1079,0.3988,0.2096,0.1662,8.68E-04,0.108,0.3176,1.65E-04,2.3557,0.2207,0.1879,6.57E-04,0.108,0.3287,0.2644,0.2108,0.0011,0.108,0.3725,1.65E-04,6.0519,0.4492,0.3222,0.0025,0.108,0.5572
89,0.2112,0.1686,8.52E-04,0.108,0.3192,1.38E-04,1.9592,0.3281,0.251,0.0015,0.108,0.4361,0.2631,0.1881,0.0015,0.1081,0.3713,1.38E-04,3.4597,0.5936,0.4013,0.0038,0.1081,0.7018,0.3017,0.2239,0.0016,0.1082,0.4099,1.38E-04,3.0999,0.4578,0.2888,0.0034,0.1082,0.5659,0.2023,0.1608,8.31E-04,0.108,0.3103,1.38E-04,2.9683,0.5096,0.4109,0.002,0.108,0.6176,0.2657,0.201,0.0013,0.108,0.3737,1.38E-04,2.9945,0.2199,0.1867,6.63E-04,0.108,0.3279,0.4199,0.2713,0.003,0.1081,0.528,1.38E-04,6.9211,1.0542,0.7277,0.0065,0.1081,1.1623,0.2126,0.1649,0.000953,0.1079,0.3205,0.000138,3.8924,0.2836,0.1994,0.0017,0.1079,0.3915,0.2657,0.201,0.0013,0.108,0.3737,1.38E-04,2.9945,0.2199,0.1867,6.63E-04,0.108,0.3279,0.1951,0.1464,9.75E-04,0.108,0.3032,1.38E-04,2.0219,0.4444,0.3177,0.0025,0.108,0.5524
90,0.1852,0.1442,8.20E-04,0.108,0.2932,1.13E-04,1.5137,0.3251,0.248,0.0015,0.108,0.4331,0.4691,0.3036,0.0033,0.1081,0.5772,1.13E-04,5.5036,0.6067,0.4181,0.0038,0.1081,0.7148,0.2771,0.206,0.0014,0.1082,0.3852,1.13E-04,3.187,0.4555,0.2836,0.0034,0.1082,0.5637,0.2182,0.1653,0.0011,0.108,0.3262,1.13E-04,2.387,0.5123,0.4127,0.002,0.108,0.6203,0.2057,0.1632,8.49E-04,0.108,0.3137,1.13E-04,2.3998,0.2182,0.1855,6.55E-04,0.108,0.3262,0.3415,0.2384,0.0021,0.1081,0.4496,1.13E-04,4.5294,1.0501,0.7234,0.0065,0.1081,1.1582,0.2468,0.1932,0.0011,0.1079,0.3548,0.000113,2.8063,0.2843,0.2004,0.0017,0.1079,0.3922,0.2057,0.1632,8.49E-04,0.108,0.3137,1.13E-04,2.3998,0.2182,0.1855,6.55E-04,0.108,0.3262,0.2352,0.1894,9.15E-04,0.108,0.3432,1.13E-04,2.6458,0.4446,0.3167,0.0026,0.108,0.5526
91,0.2156,0.161,0.0011,0.108,0.3236,9.10E-05,3.4613,0.3251,0.2483,0.0015,0.108,0.4331,0.4061,0.2571,0.003,0.1081,0.5142,9.10E-05,4.6234,0.6151,0.4254,0.0038,0.1081,0.7233,0.2567,0.1883,0.0014,0.1082,0.3648,9.10E-05,3.656,0.4567,0.2843,0.0034,0.1082,0.5648,0.2035,0.1693,6.85E-04,0.108,0.3115,9.10E-05,2.1032,0.5161,0.4151,0.002,0.108,0.6241,0.2232,0.1606,0.0013,0.108,0.3313,9.10E-05,2.7673,0.216,0.1833,6.54E-04,0.108,0.324,0.3218,0.2158,0.0021,0.1081,0.4298,9.10E-05,3.3951,1.059,0.7266,0.0066,0.1081,1.1671,0.2881,0.2357,0.001,0.1079,0.396,0.000091,3.7075,0.2882,0.2042,0.0017,0.1079,0.3962,0.2232,0.1606,0.0013,0.108,0.3313,9.10E-05,2.7673,0.216,0.1833,6.54E-04,0.108,0.324,0.212,0.1427,0.0014,0.108,0.32,9.10E-05,2.9955,0.4425,0.3155,0.0025,0.108,0.5506
92,0.212,0.1666,9.07E-04,0.108,0.32,7.10E-05,2.2611,0.3241,0.2481,0.0015,0.108,0.4321,0.2972,0.2149,0.0016,0.1081,0.4054,7.10E-05,4.2086,0.6122,0.426,0.0037,0.1081,0.7204,0.242,0.1714,0.0014,0.1082,0.3501,7.10E-05,3.2194,0.4559,0.2852,0.0034,0.1082,0.5641,0.2656,0.2176,9.60E-04,0.108,0.3735,7.10E-05,3.3129,0.5196,0.4171,0.002,0.108,0.6275,0.2154,0.1604,0.0011,0.108,0.3234,7.10E-05,2.9714,0.2164,0.1836,6.55E-04,0.108,0.3244,0.3966,0.249,0.003,0.1081,0.5047,7.10E-05,5.3842,1.0548,0.7231,0.0066,0.1081,1.1629,0.234,0.1872,0.000936,0.1079,0.3419,0.000071,2.4891,0.29,0.2061,0.0017,0.1079,0.3979,0.2154,0.1604,0.0011,0.108,0.3234,7.10E-05,2.9714,0.2164,0.1836,6.55E-04,0.108,0.3244,0.2268,0.1724,0.0011,0.108,0.3348,7.10E-05,2.7831,0.4416,0.3149,0.0025,0.108,0.5496
93,0.1852,0.1496,7.12E-04,0.108,0.2932,5.35E-05,2.0245,0.3231,0.2475,0.0015,0.108,0.4311,0.3152,0.2138,0.002,0.1081,0.4234,5.35E-05,3.5999,0.6047,0.4192,0.0037,0.1081,0.7128,0.3391,0.2469,0.0018,0.1082,0.4472,5.35E-05,3.5333,0.4487,0.2789,0.0034,0.1082,0.5569,0.2246,0.1772,9.48E-04,0.108,0.3326,5.35E-05,2.4543,0.5172,0.4153,0.002,0.108,0.6252,0.2215,0.1788,8.55E-04,0.108,0.3295,5.35E-05,2.7718,0.2168,0.1843,6.49E-04,0.108,0.3248,0.3673,0.2341,0.0027,0.1081,0.4754,5.35E-05,4.4137,1.0573,0.7253,0.0066,0.1081,1.1654,0.1799,0.1409,0.000781,0.1079,0.2879,0.000053,1.3035,0.2938,0.2099,0.0017,0.1079,0.4018,0.2215,0.1788,8.55E-04,0.108,0.3295,5.35E-05,2.7718,0.2168,0.1843,6.49E-04,0.108,0.3248,0.2139,0.1561,0.0012,0.108,0.3219,5.35E-05,2.8471,0.4421,0.3151,0.0025,0.108,0.5501
94,0.1961,0.1502,9.18E-04,0.108,0.3041,3.84E-05,1.9022,0.3227,0.2469,0.0015,0.108,0.4307,0.3062,0.2107,0.0019,0.1081,0.4143,3.84E-05,3.5082,0.5884,0.406,0.0036,0.1081,0.6965,0.3027,0.2452,0.0012,0.1082,0.4108,3.84E-05,3.1877,0.4414,0.2729,0.0034,0.1082,0.5496,0.2448,0.1809,0.0013,0.108,0.3528,3.84E-05,2.9567,0.5135,0.4122,0.002,0.108,0.6215,0.1864,0.1462,8.03E-04,0.108,0.2944,3.84E-05,2.4003,0.2152,0.183,6.44E-04,0.108,0.3232,0.3537,0.2467,0.0021,0.1081,0.4618,3.84E-05,4.1745,1.0498,0.7191,0.0066,0.1081,1.1578,0.2086,0.1597,0.000978,0.1079,0.3166,0.000038,2.8535,0.2929,0.2091,0.0017,0.1079,0.4008,0.1864,0.1462,8.03E-04,0.108,0.2944,3.84E-05,2.4003,0.2152,0.183,6.44E-04,0.108,0.3232,0.2616,0.1946,0.0013,0.108,0.3696,3.84E-05,3.6357,0.4411,0.3141,0.0025,0.108,0.5491
95,0.1835,0.1422,8.27E-04,0.108,0.2915,2.58E-05,1.8528,0.3221,0.2458,0.0015,0.108,0.4301,0.3716,0.2503,0.0024,0.1081,0.4797,2.58E-05,4.5694,0.5775,0.3974,0.0036,0.1081,0.6857,0.3388,0.2394,0.002,0.1082,0.447,2.58E-05,4.9719,0.4379,0.2718,0.0033,0.1082,0.5461,0.2607,0.199,0.0012,0.108,0.3687,2.58E-05,4.0079,0.5078,0.4084,0.002,0.108,0.6158,0.2984,0.2263,0.0014,0.108,0.4064,2.58E-05,2.836,0.2127,0.1807,6.39E-04,0.108,0.3207,0.3325,0.2206,0.0022,0.1081,0.4405,2.58E-05,3.977,1.0558,0.7228,0.0067,0.1081,1.1639,0.2329,0.1839,0.000981,0.1079,0.3409,0.000026,2.6521,0.2905,0.2072,0.0017,0.1079,0.3985,0.2984,0.2263,0.0014,0.108,0.4064,2.58E-05,2.836,0.2127,0.1807,6.39E-04,0.108,0.3207,0.2362,0.1698,0.0013,0.108,0.3442,2.58E-05,2.7058,0.4415,0.3144,0.0025,0.108,0.5496
96,0.1894,0.1459,8.70E-04,0.108,0.2974,1.57E-05,2.7287,0.3222,0.246,0.0015,0.108,0.4302,0.3531,0.2608,0.0018,0.1081,0.4613,1.57E-05,6.8418,0.5691,0.3905,0.0036,0.1081,0.6772,0.2759,0.1959,0.0016,0.1082,0.3841,1.57E-05,4.3724,0.4288,0.2683,0.0032,0.1082,0.537,0.248,0.1825,0.0013,0.108,0.3559,1.57E-05,3.9381,0.4958,0.4004,0.0019,0.108,0.6038,0.1969,0.1479,9.80E-04,0.108,0.3049,1.57E-05,2.9656,0.2122,0.1802,6.41E-04,0.108,0.3202,0.3391,0.2285,0.0022,0.1081,0.4472,1.57E-05,5.1887,1.0617,0.7282,0.0067,0.1081,1.1698,0.2493,0.1909,0.0012,0.1079,0.3573,0.000016,2.8454,0.2943,0.2109,0.0017,0.1079,0.4023,0.1969,0.1479,9.80E-04,0.108,0.3049,1.57E-05,2.9656,0.2122,0.1802,6.41E-04,0.108,0.3202,0.2056,0.1549,0.001,0.108,0.3136,1.57E-05,1.9126,0.4395,0.3125,0.0025,0.108,0.5475
97,0.2168,0.1701,9.34E-04,0.108,0.3248,8.13E-06,2.7798,0.32,0.2431,0.0015,0.108,0.428,0.3268,0.241,0.0017,0.1081,0.435,8.13E-06,3.8417,0.5756,0.3966,0.0036,0.1081,0.6838,0.26,0.1732,0.0017,0.1082,0.3681,8.13E-06,3.029,0.429,0.2686,0.0032,0.1082,0.5372,0.2003,0.1573,8.61E-04,0.108,0.3083,8.13E-06,2.4935,0.4962,0.4007,0.0019,0.108,0.6041,0.2232,0.1727,0.001,0.108,0.3312,8.13E-06,2.7635,0.213,0.1811,6.38E-04,0.108,0.321,0.419,0.2744,0.0029,0.1081,0.5271,8.13E-06,6.0356,1.0589,0.7285,0.0066,0.1081,1.167,0.2053,0.17,0.000706,0.1079,0.3133,0.000008,2.5476,0.2961,0.2118,0.0017,0.1079,0.404,0.2232,0.1727,0.001,0.108,0.3312,8.13E-06,2.7635,0.213,0.1811,6.38E-04,0.108,0.321,0.2131,0.1577,0.0011,0.108,0.3212,8.13E-06,2.3946,0.4443,0.3146,0.0026,0.108,0.5523
98,0.1751,0.1381,7.39E-04,0.108,0.2831,3.04E-06,1.7508,0.3196,0.2419,0.0016,0.108,0.4276,0.2945,0.2078,0.0017,0.1081,0.4026,3.04E-06,3.5588,0.5675,0.3889,0.0036,0.1081,0.6757,0.2954,0.2228,0.0015,0.1082,0.4036,3.04E-06,3.3146,0.428,0.269,0.0032,0.1082,0.5362,0.2671,0.2016,0.0013,0.108,0.375,3.04E-06,2.8641,0.4929,0.3978,0.0019,0.108,0.6008,0.2308,0.1855,9.05E-04,0.108,0.3388,3.04E-06,2.1848,0.212,0.1804,6.33E-04,0.108,0.32,0.3411,0.234,0.0021,0.1081,0.4492,3.04E-06,3.6691,1.0598,0.7287,0.0066,0.1081,1.1679,0.2107,0.1764,0.000685,0.1079,0.3186,0.000003,2.993,0.2993,0.214,0.0017,0.1079,0.4073,0.2308,0.1855,9.05E-04,0.108,0.3388,3.04E-06,2.1848,0.212,0.1804,6.33E-04,0.108,0.32,0.2258,0.1764,9.89E-04,0.108,0.3338,3.04E-06,1.6447,0.4424,0.3127,0.0026,0.108,0.5505
99,0.2878,0.2176,0.0014,0.108,0.3958,4.60E-07,4.0017,0.3173,0.2392,0.0016,0.108,0.4253,0.3092,0.1989,0.0022,0.1081,0.4174,4.60E-07,3.9617,0.5607,0.3802,0.0036,0.1081,0.6689,0.3583,0.2671,0.0018,0.1082,0.4664,4.60E-07,4.5912,0.4226,0.2648,0.0032,0.1082,0.5308,0.1962,0.1488,9.48E-04,0.108,0.3042,4.60E-07,2.1128,0.4892,0.3957,0.0019,0.108,0.5972,0.2061,0.1528,0.0011,0.108,0.3141,4.60E-07,2.2052,0.2117,0.1802,6.31E-04,0.108,0.3197,0.3673,0.2477,0.0024,0.1081,0.4754,4.60E-07,6.2848,1.0611,0.7322,0.0066,0.1081,1.1692,0.1954,0.1595,0.000717,0.1079,0.3034,0,2.7213,0.2973,0.212,0.0017,0.1079,0.4052,0.2061,0.1528,0.0011,0.108,0.3141,4.60E-07,2.2052,0.2117,0.1802,6.31E-04,0.108,0.3197,0.3279,0.2126,0.0023,0.108,0.436,4.60E-07,4.7165,0.4419,0.3122,0.0026,0.108,0.5499
100,0.1811,0.1375,8.73E-04,0.108,0.2891,4.00E-07,2.4587,0.3161,0.2383,0.0016,0.108,0.4241,0.3337,0.2326,0.002,0.1081,0.4418,4.00E-07,3.7226,0.5666,0.3886,0.0036,0.1081,0.6747,0.2434,0.1819,0.0012,0.1082,0.3515,4.00E-07,3.1855,0.4229,0.266,0.0031,0.1082,0.5311,0.2617,0.2095,0.001,0.108,0.3697,4.00E-07,2.7267,0.4894,0.3962,0.0019,0.108,0.5974,0.2182,0.1709,9.46E-04,0.108,0.3262,4.00E-07,2.0615,0.2122,0.1803,6.38E-04,0.108,0.3202,0.3954,0.272,0.0025,0.1081,0.5035,4.00E-07,4.392,1.0573,0.7295,0.0066,0.1081,1.1653,0.2335,0.1848,0.000975,0.1079,0.3415,0,2.9979,0.2993,0.214,0.0017,0.1079,0.4072,0.2182,0.1709,9.46E-04,0.108,0.3262,4.00E-07,2.0615,0.2122,0.1803,6.38E-04,0.108,0.3202,0.2286,0.1691,0.0012,0.108,0.3367,4.00E-07,2.4995,0.441,0.3113,0.0026,0.108,0.5491
