<annotation>
	<folder>png2jpg</folder>
	<filename>13_disp.jpeg</filename>
	<path>C:\Users\JoeyRagheb\Desktop\DIFFNet-main\results\_640x192\Train_results\JPG_Train\png2jpg\13_disp.jpeg</path>
	<source>
		<database>Unknown</database>
	</source>
	<size>
		<width>612</width>
		<height>407</height>
		<depth>3</depth>
	</size>
	<segmented>0</segmented>
	<object>
		<name>Real_Tunnel</name>
		<pose>Unspecified</pose>
		<truncated>0</truncated>
		<difficult>0</difficult>
		<bndbox>
			<xmin>22</xmin>
			<ymin>36</ymin>
			<xmax>552</xmax>
			<ymax>381</ymax>
		</bndbox>
	</object>
</annotation>
