<annotation>
	<folder>png2jpg</folder>
	<filename>4_disp.jpeg</filename>
	<path>C:\Users\JoeyRagheb\Desktop\DIFFNet-main\results\_640x192\Train_results\JPG_Train\png2jpg\4_disp.jpeg</path>
	<source>
		<database>Unknown</database>
	</source>
	<size>
		<width>600</width>
		<height>445</height>
		<depth>3</depth>
	</size>
	<segmented>0</segmented>
	<object>
		<name>painting</name>
		<pose>Unspecified</pose>
		<truncated>0</truncated>
		<difficult>0</difficult>
		<bndbox>
			<xmin>31</xmin>
			<ymin>50</ymin>
			<xmax>584</xmax>
			<ymax>428</ymax>
		</bndbox>
	</object>
</annotation>
