<annotation>
	<folder>png2jpg</folder>
	<filename>8_disp.jpeg</filename>
	<path>C:\Users\JoeyRagheb\Desktop\DIFFNet-main\results\_640x192\Train_results\JPG_Train\png2jpg\8_disp.jpeg</path>
	<source>
		<database>Unknown</database>
	</source>
	<size>
		<width>640</width>
		<height>360</height>
		<depth>3</depth>
	</size>
	<segmented>0</segmented>
	<object>
		<name>Real_Tunnel</name>
		<pose>Unspecified</pose>
		<truncated>0</truncated>
		<difficult>0</difficult>
		<bndbox>
			<xmin>231</xmin>
			<ymin>111</ymin>
			<xmax>444</xmax>
			<ymax>279</ymax>
		</bndbox>
	</object>
	<object>
		<name>Real_Tunnel</name>
		<pose>Unspecified</pose>
		<truncated>1</truncated>
		<difficult>0</difficult>
		<bndbox>
			<xmin>1</xmin>
			<ymin>112</ymin>
			<xmax>203</xmax>
			<ymax>266</ymax>
		</bndbox>
	</object>
</annotation>
